idx,rtl_i,py_i,err_i,rtl_q,py_q,err_q
0,0,0,0,0,0,0
1,0,0,0,0,0,0
2,0,0,0,0,0,0
3,0,0,0,0,0,0
4,0,0,0,0,0,0
5,0,0,0,0,0,0
6,0,0,0,0,-1,1
7,-1,0,-1,-1,-1,0
8,-1,0,-1,-1,-1,0
9,0,-1,1,-1,0,-1
10,0,-1,1,0,-1,1
11,-1,0,-1,0,-1,1
12,0,-1,1,-1,0,-1
13,0,0,0,0,-1,1
14,-1,0,-1,0,-1,1
15,0,-1,1,-1,0,-1
16,0,0,0,0,-1,1
17,-1,1,-2,-1,0,-1
18,1,-3,4,-2,0,-2
19,-1,2,-3,2,-3,5
20,-2,0,-2,-2,1,-3
21,3,-6,9,-2,-1,-1
22,-5,20,-25,5,-15,20
23,-5,43,-48,-17,-11,-6
24,20,25,-5,-40,1,-41
25,26,16,10,-17,-6,-11
26,16,23,-7,0,-7,7
27,21,20,1,-8,-3,-5
28,22,19,3,-6,-6,0
29,19,22,-3,-4,-6,2
30,21,20,1,-7,-5,-2
31,20,20,0,-5,-6,1
32,20,20,0,-5,-5,0
33,21,20,1,-6,-5,-1
34,20,21,-1,-5,-6,1
35,20,21,-1,-5,-5,0
36,20,20,0,-5,-5,0
37,20,20,0,-6,-5,-1
38,21,20,1,-6,-6,0
39,20,21,-1,-6,-6,0
40,20,20,0,-5,-6,1
41,20,20,0,-5,-5,0
42,20,20,0,-6,-5,-1
43,21,20,1,-6,-6,0
44,20,21,-1,-6,-6,0
45,20,20,0,-5,-6,1
46,20,20,0,-5,-5,0
47,20,20,0,-6,-5,-1
48,21,20,1,-6,-6,0
49,20,21,-1,-6,-6,0
50,20,20,0,-5,-6,1
51,20,20,0,-5,-5,0
52,20,20,0,-6,-5,-1
53,21,20,1,-6,-6,0
54,20,21,-1,-6,-6,0
55,20,20,0,-5,-6,1
56,20,20,0,-5,-5,0
57,20,20,0,-6,-5,-1
58,21,20,1,-6,-6,0
59,20,21,-1,-6,-6,0
60,20,20,0,-5,-6,1
61,20,20,0,-5,-5,0
62,20,20,0,-6,-5,-1
63,21,20,1,-6,-6,0
64,20,21,-1,-6,-6,0
65,20,20,0,-5,-6,1
66,20,20,0,-5,-5,0
67,20,20,0,-6,-5,-1
68,21,20,1,-6,-6,0
69,20,21,-1,-6,-6,0
70,20,20,0,-5,-6,1
71,20,20,0,-5,-5,0
72,20,20,0,-6,-5,-1
73,21,20,1,-6,-6,0
74,20,21,-1,-6,-6,0
75,20,20,0,-5,-6,1
76,20,20,0,-5,-5,0
77,20,20,0,-6,-5,-1
78,21,20,1,-6,-6,0
79,20,21,-1,-6,-6,0
80,20,20,0,-5,-6,1
81,20,20,0,-5,-5,0
82,20,20,0,-6,-5,-1
83,21,20,1,-6,-6,0
84,20,21,-1,-6,-6,0
85,20,20,0,-5,-6,1
86,20,20,0,-5,-5,0
87,20,20,0,-6,-5,-1
88,21,20,1,-6,-6,0
89,20,21,-1,-6,-6,0
90,20,20,0,-5,-6,1
91,20,20,0,-5,-5,0
92,20,20,0,-6,-5,-1
93,21,20,1,-6,-6,0
94,20,21,-1,-6,-6,0
95,20,20,0,-5,-6,1
96,20,20,0,-5,-5,0
97,20,20,0,-6,-5,-1
98,21,20,1,-6,-6,0
99,20,21,-1,-6,-6,0
100,20,20,0,-5,-6,1
101,20,20,0,-5,-5,0
102,20,20,0,-6,-5,-1
103,21,20,1,-6,-6,0
104,20,21,-1,-6,-6,0
105,20,20,0,-5,-6,1
106,20,20,0,-5,-5,0
107,20,20,0,-6,-5,-1
108,21,20,1,-6,-6,0
109,20,21,-1,-6,-6,0
110,20,20,0,-5,-6,1
111,20,20,0,-5,-5,0
112,20,20,0,-6,-5,-1
113,21,20,1,-6,-6,0
114,20,21,-1,-6,-6,0
115,20,20,0,-5,-6,1
116,20,20,0,-5,-5,0
117,20,20,0,-6,-5,-1
118,21,20,1,-6,-6,0
119,20,21,-1,-6,-6,0
120,20,20,0,-5,-6,1
121,20,20,0,-5,-5,0
122,20,20,0,-6,-5,-1
123,21,20,1,-6,-6,0
124,20,21,-1,-6,-6,0
125,20,20,0,-5,-6,1
126,20,20,0,-5,-5,0
127,20,20,0,-6,-5,-1
128,21,20,1,-6,-6,0
129,20,21,-1,-6,-6,0
130,20,20,0,-5,-6,1
131,20,20,0,-5,-5,0
132,20,20,0,-6,-5,-1
133,21,20,1,-6,-6,0
134,20,21,-1,-6,-6,0
135,20,20,0,-5,-6,1
136,20,20,0,-5,-5,0
137,20,20,0,-6,-5,-1
138,21,20,1,-6,-6,0
139,20,21,-1,-6,-6,0
140,20,20,0,-5,-6,1
141,20,20,0,-5,-5,0
142,20,20,0,-6,-5,-1
143,21,20,1,-6,-6,0
144,20,21,-1,-6,-6,0
145,20,20,0,-5,-6,1
146,20,20,0,-5,-5,0
147,20,20,0,-6,-5,-1
148,21,20,1,-6,-6,0
149,20,21,-1,-6,-6,0
150,20,20,0,-5,-6,1
151,20,20,0,-5,-5,0
152,20,20,0,-6,-5,-1
153,21,20,1,-6,-6,0
154,20,21,-1,-6,-6,0
155,20,20,0,-5,-6,1
156,20,20,0,-5,-5,0
157,20,20,0,-6,-5,-1
158,21,20,1,-6,-6,0
159,20,21,-1,-6,-6,0
160,20,20,0,-5,-6,1
161,20,20,0,-5,-5,0
162,20,20,0,-6,-5,-1
163,21,20,1,-6,-6,0
164,20,21,-1,-6,-6,0
165,20,20,0,-5,-6,1
166,20,20,0,-5,-5,0
167,20,20,0,-6,-5,-1
168,21,20,1,-6,-6,0
169,20,21,-1,-6,-6,0
170,20,20,0,-5,-6,1
171,20,20,0,-5,-5,0
172,20,20,0,-6,-5,-1
173,21,20,1,-6,-6,0
174,20,21,-1,-6,-6,0
175,20,20,0,-5,-6,1
176,20,20,0,-5,-5,0
177,20,20,0,-6,-5,-1
178,21,20,1,-6,-6,0
179,20,21,-1,-6,-6,0
180,20,20,0,-5,-6,1
181,20,20,0,-5,-5,0
182,20,20,0,-6,-5,-1
183,21,20,1,-6,-6,0
184,20,21,-1,-6,-6,0
185,20,20,0,-5,-6,1
186,20,20,0,-5,-5,0
187,20,20,0,-6,-5,-1
188,21,20,1,-6,-6,0
189,20,21,-1,-6,-6,0
190,20,20,0,-5,-6,1
191,20,20,0,-5,-5,0
192,20,20,0,-6,-5,-1
193,21,20,1,-6,-6,0
194,20,21,-1,-6,-6,0
195,20,20,0,-5,-6,1
196,20,20,0,-5,-5,0
197,20,20,0,-6,-5,-1
198,21,20,1,-6,-6,0
199,20,21,-1,-6,-6,0
200,20,20,0,-5,-6,1
201,20,20,0,-5,-5,0
202,20,20,0,-6,-5,-1
203,21,20,1,-6,-6,0
204,20,21,-1,-6,-6,0
205,20,20,0,-5,-6,1
206,20,20,0,-5,-5,0
207,20,20,0,-6,-5,-1
208,21,20,1,-6,-6,0
209,20,21,-1,-6,-6,0
210,20,20,0,-5,-6,1
211,20,20,0,-5,-5,0
212,20,20,0,-6,-5,-1
213,21,20,1,-6,-6,0
214,20,21,-1,-6,-6,0
215,20,20,0,-5,-6,1
216,20,20,0,-5,-5,0
217,20,20,0,-6,-5,-1
218,21,20,1,-6,-6,0
219,20,21,-1,-6,-6,0
220,20,20,0,-5,-6,1
221,20,20,0,-5,-5,0
222,20,20,0,-6,-5,-1
223,21,20,1,-6,-6,0
224,20,21,-1,-6,-6,0
225,20,20,0,-5,-6,1
226,20,20,0,-5,-5,0
227,20,20,0,-6,-5,-1
228,21,20,1,-6,-6,0
229,20,21,-1,-6,-6,0
230,20,20,0,-5,-6,1
231,20,20,0,-5,-5,0
232,20,20,0,-6,-5,-1
233,21,20,1,-6,-6,0
234,20,21,-1,-6,-6,0
235,20,20,0,-5,-6,1
236,20,20,0,-5,-5,0
237,20,20,0,-6,-5,-1
238,21,20,1,-6,-6,0
239,20,21,-1,-6,-6,0
240,20,20,0,-5,-6,1
241,20,20,0,-5,-5,0
242,20,20,0,-6,-5,-1
243,21,20,1,-6,-6,0
244,20,21,-1,-6,-6,0
245,20,20,0,-5,-6,1
246,20,20,0,-5,-5,0
247,20,20,0,-6,-5,-1
248,21,20,1,-6,-6,0
249,20,21,-1,-6,-6,0
250,20,20,0,-5,-6,1
251,20,20,0,-5,-5,0
252,20,20,0,-6,-5,-1
253,21,20,1,-6,-6,0
254,20,21,-1,-6,-6,0
255,20,20,0,-5,-6,1
256,20,20,0,-5,-5,0
257,20,20,0,-6,-5,-1
258,21,20,1,-6,-6,0
259,20,21,-1,-6,-6,0
260,20,20,0,-5,-6,1
261,20,20,0,-5,-5,0
262,20,20,0,-6,-5,-1
263,21,20,1,-6,-6,0
264,20,21,-1,-6,-6,0
265,20,20,0,-5,-6,1
266,20,20,0,-5,-5,0
267,20,20,0,-6,-5,-1
268,21,20,1,-6,-6,0
269,20,21,-1,-6,-6,0
270,20,20,0,-5,-6,1
271,20,20,0,-5,-5,0
272,20,20,0,-6,-5,-1
273,21,20,1,-6,-6,0
274,20,21,-1,-6,-6,0
275,20,20,0,-5,-6,1
276,20,20,0,-5,-5,0
277,20,20,0,-6,-5,-1
278,21,20,1,-6,-6,0
279,20,21,-1,-6,-6,0
280,20,20,0,-5,-6,1
281,20,20,0,-5,-5,0
282,20,20,0,-6,-5,-1
283,21,20,1,-6,-6,0
284,20,21,-1,-6,-6,0
285,20,20,0,-5,-6,1
286,20,20,0,-5,-5,0
287,20,20,0,-6,-5,-1
288,21,20,1,-6,-6,0
289,20,21,-1,-6,-6,0
290,20,20,0,-5,-6,1
291,20,20,0,-5,-5,0
292,20,20,0,-6,-5,-1
293,21,20,1,-6,-6,0
294,20,21,-1,-6,-6,0
295,20,20,0,-5,-6,1
296,20,20,0,-5,-5,0
297,20,20,0,-6,-5,-1
298,21,20,1,-6,-6,0
299,20,21,-1,-6,-6,0
300,20,20,0,-5,-6,1
301,20,20,0,-5,-5,0
302,20,20,0,-6,-5,-1
303,21,20,1,-6,-6,0
304,20,21,-1,-6,-6,0
305,20,20,0,-5,-6,1
306,20,20,0,-5,-5,0
307,20,20,0,-6,-5,-1
308,21,20,1,-6,-6,0
309,20,21,-1,-6,-6,0
310,20,20,0,-5,-6,1
311,20,20,0,-5,-5,0
312,20,20,0,-6,-5,-1
313,21,20,1,-6,-6,0
314,20,21,-1,-6,-6,0
315,20,20,0,-5,-6,1
316,20,20,0,-5,-5,0
317,20,20,0,-6,-5,-1
318,21,20,1,-6,-6,0
319,20,21,-1,-6,-6,0
320,20,20,0,-5,-6,1
321,20,20,0,-5,-5,0
322,20,20,0,-6,-5,-1
323,21,20,1,-6,-6,0
324,20,21,-1,-6,-6,0
325,20,20,0,-5,-6,1
326,20,20,0,-5,-5,0
327,20,20,0,-6,-5,-1
328,21,20,1,-6,-6,0
329,20,21,-1,-6,-6,0
330,20,20,0,-5,-6,1
331,20,20,0,-5,-5,0
332,20,20,0,-6,-5,-1
333,21,20,1,-6,-6,0
334,20,21,-1,-6,-6,0
335,20,20,0,-5,-6,1
336,20,20,0,-5,-5,0
337,20,20,0,-6,-5,-1
338,21,20,1,-6,-6,0
339,20,21,-1,-6,-6,0
340,20,20,0,-5,-6,1
341,20,20,0,-5,-5,0
342,20,20,0,-6,-5,-1
343,21,20,1,-6,-6,0
344,20,21,-1,-6,-6,0
345,20,20,0,-5,-6,1
346,20,20,0,-5,-5,0
347,20,20,0,-6,-5,-1
348,21,20,1,-6,-6,0
349,20,21,-1,-6,-6,0
350,20,20,0,-5,-6,1
351,20,20,0,-5,-5,0
352,20,20,0,-6,-5,-1
353,21,20,1,-6,-6,0
354,20,21,-1,-6,-6,0
355,20,20,0,-5,-6,1
356,20,20,0,-5,-5,0
357,20,20,0,-6,-5,-1
358,21,20,1,-6,-6,0
359,20,21,-1,-6,-6,0
360,20,20,0,-5,-6,1
361,20,20,0,-5,-5,0
362,20,20,0,-6,-5,-1
363,21,20,1,-6,-6,0
364,20,21,-1,-6,-6,0
365,20,20,0,-5,-6,1
366,20,20,0,-5,-5,0
367,20,20,0,-6,-5,-1
368,21,20,1,-6,-6,0
369,20,21,-1,-6,-6,0
370,20,20,0,-5,-6,1
371,20,20,0,-5,-5,0
372,20,20,0,-6,-5,-1
373,21,20,1,-6,-6,0
374,20,21,-1,-6,-6,0
375,20,20,0,-5,-6,1
376,20,20,0,-5,-5,0
377,20,20,0,-6,-5,-1
378,21,20,1,-6,-6,0
379,20,21,-1,-6,-6,0
380,20,20,0,-5,-6,1
381,20,20,0,-5,-5,0
382,20,20,0,-6,-5,-1
383,21,20,1,-6,-6,0
384,20,21,-1,-6,-6,0
385,20,20,0,-5,-6,1
386,20,20,0,-5,-5,0
387,20,20,0,-6,-5,-1
388,21,20,1,-6,-6,0
389,20,21,-1,-6,-6,0
390,20,20,0,-5,-6,1
391,20,20,0,-5,-5,0
392,20,20,0,-6,-5,-1
393,21,20,1,-6,-6,0
394,20,21,-1,-6,-6,0
395,20,20,0,-5,-6,1
396,20,20,0,-5,-5,0
397,20,20,0,-6,-5,-1
398,21,20,1,-6,-6,0
399,20,21,-1,-6,-6,0
400,20,20,0,-5,-6,1
401,20,20,0,-5,-5,0
402,20,20,0,-6,-5,-1
403,21,20,1,-6,-6,0
404,20,21,-1,-6,-6,0
405,20,20,0,-5,-6,1
406,20,20,0,-5,-5,0
407,20,20,0,-6,-5,-1
408,21,20,1,-6,-6,0
409,20,21,-1,-6,-6,0
410,20,20,0,-5,-6,1
411,20,20,0,-5,-5,0
412,20,20,0,-6,-5,-1
413,21,20,1,-6,-6,0
414,20,21,-1,-6,-6,0
415,20,20,0,-5,-6,1
416,20,20,0,-5,-5,0
417,20,20,0,-6,-5,-1
418,21,20,1,-6,-6,0
419,20,21,-1,-6,-6,0
420,20,20,0,-5,-6,1
421,20,20,0,-5,-5,0
422,20,20,0,-6,-5,-1
423,21,20,1,-6,-6,0
424,20,21,-1,-6,-6,0
425,20,20,0,-5,-6,1
426,20,20,0,-5,-5,0
427,20,20,0,-6,-5,-1
428,21,20,1,-6,-6,0
429,20,21,-1,-6,-6,0
430,20,20,0,-5,-6,1
431,20,20,0,-5,-5,0
432,20,20,0,-6,-5,-1
433,21,20,1,-6,-6,0
434,20,21,-1,-6,-6,0
435,20,20,0,-5,-6,1
436,20,20,0,-5,-5,0
437,20,20,0,-6,-5,-1
438,21,20,1,-6,-6,0
439,20,21,-1,-6,-6,0
440,20,20,0,-5,-6,1
441,20,20,0,-5,-5,0
442,20,20,0,-6,-5,-1
443,21,20,1,-6,-6,0
444,20,21,-1,-6,-6,0
445,20,20,0,-5,-6,1
446,20,20,0,-5,-5,0
447,20,20,0,-6,-5,-1
448,21,20,1,-6,-6,0
449,20,21,-1,-6,-6,0
450,20,20,0,-5,-6,1
451,20,20,0,-5,-5,0
452,20,20,0,-6,-5,-1
453,21,20,1,-6,-6,0
454,20,21,-1,-6,-6,0
455,20,20,0,-5,-6,1
456,20,20,0,-5,-5,0
457,20,20,0,-6,-5,-1
458,21,20,1,-6,-6,0
459,20,21,-1,-6,-6,0
460,20,20,0,-5,-6,1
461,20,20,0,-5,-5,0
462,20,20,0,-6,-5,-1
463,21,20,1,-6,-6,0
464,20,21,-1,-6,-6,0
465,20,20,0,-5,-6,1
466,20,20,0,-5,-5,0
467,20,20,0,-6,-5,-1
468,21,20,1,-6,-6,0
469,20,21,-1,-6,-6,0
470,20,20,0,-5,-6,1
471,20,20,0,-5,-5,0
472,20,20,0,-6,-5,-1
473,21,20,1,-6,-6,0
474,20,21,-1,-6,-6,0
475,20,20,0,-5,-6,1
476,20,20,0,-5,-5,0
477,20,20,0,-6,-5,-1
478,21,20,1,-6,-6,0
479,20,21,-1,-6,-6,0
480,20,20,0,-5,-6,1
481,20,20,0,-5,-5,0
482,20,20,0,-6,-5,-1
483,21,20,1,-6,-6,0
484,20,21,-1,-6,-6,0
485,20,20,0,-5,-6,1
486,20,20,0,-5,-5,0
487,20,20,0,-6,-5,-1
488,21,20,1,-6,-6,0
489,20,21,-1,-6,-6,0
490,20,20,0,-5,-6,1
491,20,20,0,-5,-5,0
492,20,20,0,-6,-5,-1
493,21,20,1,-6,-6,0
494,20,21,-1,-6,-6,0
495,20,20,0,-5,-6,1
496,20,20,0,-5,-5,0
497,20,20,0,-6,-5,-1
498,21,20,1,-6,-6,0
499,20,21,-1,-6,-6,0
500,20,20,0,-5,-6,1
501,20,20,0,-5,-5,0
502,20,20,0,-6,-5,-1
503,21,20,1,-6,-6,0
504,20,21,-1,-6,-6,0
505,20,20,0,-5,-6,1
506,20,20,0,-5,-5,0
507,20,20,0,-6,-5,-1
508,21,20,1,-6,-6,0
509,20,21,-1,-6,-6,0
510,20,20,0,-5,-6,1
511,20,20,0,-5,-5,0
512,20,20,0,-6,-5,-1
513,21,20,1,-6,-6,0
514,20,21,-1,-6,-6,0
515,20,20,0,-5,-6,1
516,20,20,0,-5,-5,0
517,20,20,0,-6,-5,-1
518,21,20,1,-6,-6,0
519,20,21,-1,-6,-6,0
520,20,20,0,-5,-6,1
521,20,20,0,-5,-5,0
522,20,20,0,-6,-5,-1
523,21,20,1,-6,-6,0
524,20,21,-1,-6,-6,0
525,20,20,0,-5,-6,1
526,20,20,0,-5,-5,0
527,20,20,0,-6,-5,-1
528,21,20,1,-6,-6,0
529,20,21,-1,-6,-6,0
530,20,20,0,-5,-6,1
531,20,20,0,-5,-5,0
532,20,20,0,-6,-5,-1
533,21,20,1,-6,-6,0
534,20,21,-1,-6,-6,0
535,20,20,0,-5,-6,1
536,20,20,0,-5,-5,0
537,20,20,0,-6,-5,-1
538,21,20,1,-6,-6,0
539,20,21,-1,-6,-6,0
540,20,20,0,-5,-6,1
541,20,20,0,-5,-5,0
542,20,20,0,-6,-5,-1
543,21,20,1,-6,-6,0
544,20,21,-1,-6,-6,0
545,20,20,0,-5,-6,1
546,20,20,0,-5,-5,0
547,20,20,0,-6,-5,-1
548,21,20,1,-6,-6,0
549,20,21,-1,-6,-6,0
550,20,20,0,-5,-6,1
551,20,20,0,-5,-5,0
552,20,20,0,-6,-5,-1
553,21,20,1,-6,-6,0
554,20,21,-1,-6,-6,0
555,20,20,0,-5,-6,1
556,20,20,0,-5,-5,0
557,20,20,0,-6,-5,-1
558,21,20,1,-6,-6,0
559,20,21,-1,-6,-6,0
560,20,20,0,-5,-6,1
561,20,20,0,-5,-5,0
562,20,20,0,-6,-5,-1
563,21,20,1,-6,-6,0
564,20,21,-1,-6,-6,0
565,20,20,0,-5,-6,1
566,20,20,0,-5,-5,0
567,20,20,0,-6,-5,-1
568,21,20,1,-6,-6,0
569,20,21,-1,-6,-6,0
570,20,20,0,-5,-6,1
571,20,20,0,-5,-5,0
572,20,20,0,-6,-5,-1
573,21,20,1,-6,-6,0
574,20,21,-1,-6,-6,0
575,20,20,0,-5,-6,1
576,20,20,0,-5,-5,0
577,20,20,0,-6,-5,-1
578,21,20,1,-6,-6,0
579,20,21,-1,-6,-6,0
580,20,20,0,-5,-6,1
581,20,20,0,-5,-5,0
582,20,20,0,-6,-5,-1
583,21,20,1,-6,-6,0
584,20,21,-1,-6,-6,0
585,20,20,0,-5,-6,1
586,20,20,0,-5,-5,0
587,20,20,0,-6,-5,-1
588,21,20,1,-6,-6,0
589,20,21,-1,-6,-6,0
590,20,20,0,-5,-6,1
591,20,20,0,-5,-5,0
592,20,20,0,-6,-5,-1
593,21,20,1,-6,-6,0
594,20,21,-1,-6,-6,0
595,20,20,0,-5,-6,1
596,20,20,0,-5,-5,0
597,20,20,0,-6,-5,-1
598,21,20,1,-6,-6,0
599,20,21,-1,-6,-6,0
600,20,20,0,-5,-6,1
601,20,20,0,-5,-5,0
602,20,20,0,-6,-5,-1
603,21,20,1,-6,-6,0
604,20,21,-1,-6,-6,0
605,20,20,0,-5,-6,1
606,20,20,0,-5,-5,0
607,20,20,0,-6,-5,-1
608,21,20,1,-6,-6,0
609,20,21,-1,-6,-6,0
610,20,20,0,-5,-6,1
611,20,20,0,-5,-5,0
612,20,20,0,-6,-5,-1
613,21,20,1,-6,-6,0
614,20,21,-1,-6,-6,0
615,20,20,0,-5,-6,1
616,20,20,0,-5,-5,0
617,20,20,0,-6,-5,-1
618,21,20,1,-6,-6,0
619,20,21,-1,-6,-6,0
620,20,20,0,-5,-6,1
621,20,20,0,-5,-5,0
622,20,20,0,-6,-5,-1
623,21,20,1,-6,-6,0
624,20,21,-1,-6,-6,0
625,20,20,0,-5,-6,1
626,20,20,0,-5,-5,0
627,20,20,0,-6,-5,-1
628,21,20,1,-6,-6,0
629,20,21,-1,-6,-6,0
630,20,20,0,-5,-6,1
631,20,20,0,-5,-5,0
632,20,20,0,-6,-5,-1
633,21,20,1,-6,-6,0
634,20,21,-1,-6,-6,0
635,20,20,0,-5,-6,1
636,20,20,0,-5,-5,0
637,20,20,0,-6,-5,-1
638,21,20,1,-6,-6,0
639,20,21,-1,-6,-6,0
640,20,20,0,-5,-6,1
641,20,20,0,-5,-5,0
642,20,20,0,-6,-5,-1
643,21,20,1,-6,-6,0
644,20,21,-1,-6,-6,0
645,20,20,0,-5,-6,1
646,20,20,0,-5,-5,0
647,20,20,0,-6,-5,-1
648,21,20,1,-6,-6,0
649,20,21,-1,-6,-6,0
650,20,20,0,-5,-6,1
651,20,20,0,-5,-5,0
652,20,20,0,-6,-5,-1
653,21,20,1,-6,-6,0
654,20,21,-1,-6,-6,0
655,20,20,0,-5,-6,1
656,20,20,0,-5,-5,0
657,20,20,0,-6,-5,-1
658,21,20,1,-6,-6,0
659,20,21,-1,-6,-6,0
660,20,20,0,-5,-6,1
661,20,20,0,-5,-5,0
662,20,20,0,-6,-5,-1
663,21,20,1,-6,-6,0
664,20,21,-1,-6,-6,0
665,20,20,0,-5,-6,1
666,20,20,0,-5,-5,0
667,20,20,0,-6,-5,-1
668,21,20,1,-6,-6,0
669,20,21,-1,-6,-6,0
670,20,20,0,-5,-6,1
671,20,20,0,-5,-5,0
672,20,20,0,-6,-5,-1
673,21,20,1,-6,-6,0
674,20,21,-1,-6,-6,0
675,20,20,0,-5,-6,1
676,20,20,0,-5,-5,0
677,20,20,0,-6,-5,-1
678,21,20,1,-6,-6,0
679,20,21,-1,-6,-6,0
680,20,20,0,-5,-6,1
681,20,20,0,-5,-5,0
682,20,20,0,-6,-5,-1
683,21,20,1,-6,-6,0
684,20,21,-1,-6,-6,0
685,20,20,0,-5,-6,1
686,20,20,0,-5,-5,0
687,20,20,0,-6,-5,-1
688,21,20,1,-6,-6,0
689,20,21,-1,-6,-6,0
690,20,20,0,-5,-6,1
691,20,20,0,-5,-5,0
692,20,20,0,-6,-5,-1
693,21,20,1,-6,-6,0
694,20,21,-1,-6,-6,0
695,20,20,0,-5,-6,1
696,20,20,0,-5,-5,0
697,20,20,0,-6,-5,-1
698,21,20,1,-6,-6,0
699,20,21,-1,-6,-6,0
700,20,20,0,-5,-6,1
701,20,20,0,-5,-5,0
702,20,20,0,-6,-5,-1
703,21,20,1,-6,-6,0
704,20,21,-1,-6,-6,0
705,20,20,0,-5,-6,1
706,20,20,0,-5,-5,0
707,20,20,0,-6,-5,-1
708,21,20,1,-6,-6,0
709,20,21,-1,-6,-6,0
710,20,20,0,-5,-6,1
711,20,20,0,-5,-5,0
712,20,20,0,-6,-5,-1
713,21,20,1,-6,-6,0
714,20,21,-1,-6,-6,0
715,20,20,0,-5,-6,1
716,20,20,0,-5,-5,0
717,20,20,0,-6,-5,-1
718,21,20,1,-6,-6,0
719,20,21,-1,-6,-6,0
720,20,20,0,-5,-6,1
721,20,20,0,-5,-5,0
722,20,20,0,-6,-5,-1
723,21,20,1,-6,-6,0
724,20,21,-1,-6,-6,0
725,20,20,0,-5,-6,1
726,20,20,0,-5,-5,0
727,20,20,0,-6,-5,-1
728,21,20,1,-6,-6,0
729,20,21,-1,-6,-6,0
730,20,20,0,-5,-6,1
731,20,20,0,-5,-5,0
732,20,20,0,-6,-5,-1
733,21,20,1,-6,-6,0
734,20,21,-1,-6,-6,0
735,20,20,0,-5,-6,1
736,20,20,0,-5,-5,0
737,20,20,0,-6,-5,-1
738,21,20,1,-6,-6,0
739,20,21,-1,-6,-6,0
740,20,20,0,-5,-6,1
741,20,20,0,-5,-5,0
742,20,20,0,-6,-5,-1
743,21,20,1,-6,-6,0
744,20,21,-1,-6,-6,0
745,20,20,0,-5,-6,1
746,20,20,0,-5,-5,0
747,20,20,0,-6,-5,-1
748,21,20,1,-6,-6,0
749,20,21,-1,-6,-6,0
750,20,20,0,-5,-6,1
751,20,20,0,-5,-5,0
752,20,20,0,-6,-5,-1
753,21,20,1,-6,-6,0
754,20,21,-1,-6,-6,0
755,20,20,0,-5,-6,1
756,20,20,0,-5,-5,0
757,20,20,0,-6,-5,-1
758,21,20,1,-6,-6,0
759,20,21,-1,-6,-6,0
760,20,20,0,-5,-6,1
761,20,20,0,-5,-5,0
762,20,20,0,-6,-5,-1
763,21,20,1,-6,-6,0
764,20,21,-1,-6,-6,0
765,20,20,0,-5,-6,1
766,20,20,0,-5,-5,0
767,20,20,0,-6,-5,-1
768,21,20,1,-6,-6,0
769,20,21,-1,-6,-6,0
770,20,20,0,-5,-6,1
771,20,20,0,-5,-5,0
772,20,20,0,-6,-5,-1
773,21,20,1,-6,-6,0
774,20,21,-1,-6,-6,0
775,20,20,0,-5,-6,1
776,20,20,0,-5,-5,0
777,20,20,0,-6,-5,-1
778,21,20,1,-6,-6,0
779,20,21,-1,-6,-6,0
780,20,20,0,-5,-6,1
781,20,20,0,-5,-5,0
782,20,20,0,-6,-5,-1
783,21,20,1,-6,-6,0
784,20,21,-1,-6,-6,0
785,20,20,0,-5,-6,1
786,20,20,0,-5,-5,0
787,20,20,0,-6,-5,-1
788,21,20,1,-6,-6,0
789,20,21,-1,-6,-6,0
790,20,20,0,-5,-6,1
791,20,20,0,-5,-5,0
792,20,20,0,-6,-5,-1
793,21,20,1,-6,-6,0
794,20,21,-1,-6,-6,0
795,20,20,0,-5,-6,1
796,20,20,0,-5,-5,0
797,20,20,0,-6,-5,-1
798,21,20,1,-6,-6,0
799,20,21,-1,-6,-6,0
800,20,20,0,-5,-6,1
801,20,20,0,-5,-5,0
802,20,20,0,-6,-5,-1
803,21,20,1,-6,-6,0
804,20,21,-1,-6,-6,0
805,20,20,0,-5,-6,1
806,20,20,0,-5,-5,0
807,20,20,0,-6,-5,-1
808,21,20,1,-6,-6,0
809,20,21,-1,-6,-6,0
810,20,20,0,-5,-6,1
811,20,20,0,-5,-5,0
812,20,20,0,-6,-5,-1
813,21,20,1,-6,-6,0
814,20,21,-1,-6,-6,0
815,20,20,0,-5,-6,1
816,20,20,0,-5,-5,0
817,20,20,0,-6,-5,-1
818,21,20,1,-6,-6,0
819,20,21,-1,-6,-6,0
820,20,20,0,-5,-6,1
821,20,20,0,-5,-5,0
822,20,20,0,-6,-5,-1
823,21,20,1,-6,-6,0
824,20,21,-1,-6,-6,0
825,20,20,0,-5,-6,1
826,20,20,0,-5,-5,0
827,20,20,0,-6,-5,-1
828,21,20,1,-6,-6,0
829,20,21,-1,-6,-6,0
830,20,20,0,-5,-6,1
831,20,20,0,-5,-5,0
832,20,20,0,-6,-5,-1
833,21,20,1,-6,-6,0
834,20,21,-1,-6,-6,0
835,20,20,0,-5,-6,1
836,20,20,0,-5,-5,0
837,20,20,0,-6,-5,-1
838,21,20,1,-6,-6,0
839,20,21,-1,-6,-6,0
840,20,20,0,-5,-6,1
841,20,20,0,-5,-5,0
842,20,20,0,-6,-5,-1
843,21,20,1,-6,-6,0
844,20,21,-1,-6,-6,0
845,20,20,0,-5,-6,1
846,20,20,0,-5,-5,0
847,20,20,0,-6,-5,-1
848,21,20,1,-6,-6,0
849,20,21,-1,-6,-6,0
850,20,20,0,-5,-6,1
851,20,20,0,-5,-5,0
852,20,20,0,-6,-5,-1
853,21,20,1,-6,-6,0
854,20,21,-1,-6,-6,0
855,20,20,0,-5,-6,1
856,20,20,0,-5,-5,0
857,20,20,0,-6,-5,-1
858,21,20,1,-6,-6,0
859,20,21,-1,-6,-6,0
860,20,20,0,-5,-6,1
861,20,20,0,-5,-5,0
862,20,20,0,-6,-5,-1
863,21,20,1,-6,-6,0
864,20,21,-1,-6,-6,0
865,20,20,0,-5,-6,1
866,20,20,0,-5,-5,0
867,20,20,0,-6,-5,-1
868,21,20,1,-6,-6,0
869,20,21,-1,-6,-6,0
870,20,20,0,-5,-6,1
871,20,20,0,-5,-5,0
872,20,20,0,-6,-5,-1
873,21,20,1,-6,-6,0
874,20,21,-1,-6,-6,0
875,20,20,0,-5,-6,1
876,20,20,0,-5,-5,0
877,20,20,0,-6,-5,-1
878,21,20,1,-6,-6,0
879,20,21,-1,-6,-6,0
880,20,20,0,-5,-6,1
881,20,20,0,-5,-5,0
882,20,20,0,-6,-5,-1
883,21,20,1,-6,-6,0
884,20,21,-1,-6,-6,0
885,20,20,0,-5,-6,1
886,20,20,0,-5,-5,0
887,20,20,0,-6,-5,-1
888,21,20,1,-6,-6,0
889,20,21,-1,-6,-6,0
890,20,20,0,-5,-6,1
891,20,20,0,-5,-5,0
892,20,20,0,-6,-5,-1
893,21,20,1,-6,-6,0
894,20,21,-1,-6,-6,0
895,20,20,0,-5,-6,1
896,20,20,0,-5,-5,0
897,20,20,0,-6,-5,-1
898,21,20,1,-6,-6,0
899,20,21,-1,-6,-6,0
900,20,20,0,-5,-6,1
901,20,20,0,-5,-5,0
902,20,20,0,-6,-5,-1
903,21,20,1,-6,-6,0
904,20,21,-1,-6,-6,0
905,20,20,0,-5,-6,1
906,20,20,0,-5,-5,0
907,20,20,0,-6,-5,-1
908,21,20,1,-6,-6,0
909,20,21,-1,-6,-6,0
910,20,20,0,-5,-6,1
911,20,20,0,-5,-5,0
912,20,20,0,-6,-5,-1
913,21,20,1,-6,-6,0
914,20,21,-1,-6,-6,0
915,20,20,0,-5,-6,1
916,20,20,0,-5,-5,0
917,20,20,0,-6,-5,-1
918,21,20,1,-6,-6,0
919,20,21,-1,-6,-6,0
920,20,20,0,-5,-6,1
921,20,20,0,-5,-5,0
922,20,20,0,-6,-5,-1
923,21,20,1,-6,-6,0
924,20,21,-1,-6,-6,0
925,20,20,0,-5,-6,1
926,20,20,0,-5,-5,0
927,20,20,0,-6,-5,-1
928,21,20,1,-6,-6,0
929,20,21,-1,-6,-6,0
930,20,20,0,-5,-6,1
931,20,20,0,-5,-5,0
932,20,20,0,-6,-5,-1
933,21,20,1,-6,-6,0
934,20,21,-1,-6,-6,0
935,20,20,0,-5,-6,1
936,20,20,0,-5,-5,0
937,20,20,0,-6,-5,-1
938,21,20,1,-6,-6,0
939,20,21,-1,-6,-6,0
940,20,20,0,-5,-6,1
941,20,20,0,-5,-5,0
942,20,20,0,-6,-5,-1
943,21,20,1,-6,-6,0
944,20,21,-1,-6,-6,0
945,20,20,0,-5,-6,1
946,20,20,0,-5,-5,0
947,20,20,0,-6,-5,-1
948,21,20,1,-6,-6,0
949,20,21,-1,-6,-6,0
950,20,20,0,-5,-6,1
951,20,20,0,-5,-5,0
952,20,20,0,-6,-5,-1
953,21,20,1,-6,-6,0
954,20,21,-1,-6,-6,0
955,20,20,0,-5,-6,1
956,20,20,0,-5,-5,0
957,20,20,0,-6,-5,-1
958,21,20,1,-6,-6,0
959,20,21,-1,-6,-6,0
960,20,20,0,-5,-6,1
961,20,20,0,-5,-5,0
962,20,20,0,-6,-5,-1
963,21,20,1,-6,-6,0
964,20,21,-1,-6,-6,0
965,20,20,0,-5,-6,1
966,20,20,0,-5,-5,0
967,20,20,0,-6,-5,-1
968,21,20,1,-6,-6,0
969,20,21,-1,-6,-6,0
970,20,20,0,-5,-6,1
971,20,20,0,-5,-5,0
972,20,20,0,-6,-5,-1
973,21,20,1,-6,-6,0
974,20,21,-1,-6,-6,0
975,20,20,0,-5,-6,1
976,20,20,0,-5,-5,0
977,20,20,0,-6,-5,-1
978,21,20,1,-6,-6,0
979,20,21,-1,-6,-6,0
980,20,20,0,-5,-6,1
981,20,20,0,-5,-5,0
982,20,20,0,-6,-5,-1
983,21,20,1,-6,-6,0
984,20,21,-1,-6,-6,0
985,20,20,0,-5,-6,1
986,20,20,0,-5,-5,0
987,20,20,0,-6,-5,-1
988,21,20,1,-6,-6,0
989,20,21,-1,-6,-6,0
990,20,20,0,-5,-6,1
991,20,20,0,-5,-5,0
992,20,20,0,-6,-5,-1
993,21,20,1,-6,-6,0
994,20,21,-1,-6,-6,0
995,20,20,0,-5,-6,1
996,20,20,0,-5,-5,0
997,20,20,0,-6,-5,-1
998,21,20,1,-6,-6,0
999,20,21,-1,-6,-6,0
1000,20,20,0,-5,-6,1
1001,20,20,0,-5,-5,0
1002,20,20,0,-6,-5,-1
1003,21,20,1,-6,-6,0
1004,20,21,-1,-6,-6,0
1005,20,20,0,-5,-6,1
1006,20,20,0,-5,-5,0
1007,20,20,0,-6,-5,-1
1008,21,20,1,-6,-6,0
1009,20,21,-1,-6,-6,0
1010,20,20,0,-5,-6,1
1011,20,20,0,-5,-5,0
1012,20,20,0,-6,-5,-1
1013,21,20,1,-6,-6,0
1014,20,21,-1,-6,-6,0
1015,20,20,0,-5,-6,1
1016,20,20,0,-5,-5,0
1017,20,20,0,-6,-5,-1
1018,21,20,1,-6,-6,0
1019,20,21,-1,-6,-6,0
1020,20,20,0,-5,-6,1
1021,20,20,0,-5,-5,0
1022,20,20,0,-6,-5,-1
1023,21,20,1,-6,-6,0
1024,20,21,-1,-6,-6,0
1025,20,20,0,-5,-6,1
1026,20,20,0,-5,-5,0
1027,20,20,0,-6,-5,-1
1028,21,20,1,-6,-6,0
1029,20,21,-1,-6,-6,0
1030,20,20,0,-5,-6,1
1031,20,20,0,-5,-5,0
1032,20,20,0,-6,-5,-1
1033,21,20,1,-6,-6,0
1034,20,21,-1,-6,-6,0
1035,20,20,0,-5,-6,1
1036,20,20,0,-5,-5,0
1037,20,20,0,-6,-5,-1
1038,21,20,1,-6,-6,0
1039,20,21,-1,-6,-6,0
1040,20,20,0,-5,-6,1
1041,20,20,0,-5,-5,0
1042,20,20,0,-6,-5,-1
1043,21,20,1,-6,-6,0
1044,20,21,-1,-6,-6,0
1045,20,20,0,-5,-6,1
1046,20,20,0,-5,-5,0
1047,20,20,0,-6,-5,-1
1048,21,20,1,-6,-6,0
1049,20,21,-1,-6,-6,0
1050,20,20,0,-5,-6,1
1051,20,20,0,-5,-5,0
1052,20,20,0,-6,-5,-1
1053,21,20,1,-6,-6,0
1054,20,21,-1,-6,-6,0
1055,20,20,0,-5,-6,1
1056,20,20,0,-5,-5,0
1057,20,20,0,-6,-5,-1
1058,21,20,1,-6,-6,0
1059,20,21,-1,-6,-6,0
1060,20,20,0,-5,-6,1
1061,20,20,0,-5,-5,0
1062,20,20,0,-6,-5,-1
1063,21,20,1,-6,-6,0
1064,20,21,-1,-6,-6,0
1065,20,20,0,-5,-6,1
1066,20,20,0,-5,-5,0
1067,20,20,0,-6,-5,-1
1068,21,20,1,-6,-6,0
1069,20,21,-1,-6,-6,0
1070,20,20,0,-5,-6,1
1071,20,20,0,-5,-5,0
1072,20,20,0,-6,-5,-1
1073,21,20,1,-6,-6,0
1074,20,21,-1,-6,-6,0
1075,20,20,0,-5,-6,1
1076,20,20,0,-5,-5,0
1077,20,20,0,-6,-5,-1
1078,21,20,1,-6,-6,0
1079,20,21,-1,-6,-6,0
1080,20,20,0,-5,-6,1
1081,20,20,0,-5,-5,0
1082,20,20,0,-6,-5,-1
1083,21,20,1,-6,-6,0
1084,20,21,-1,-6,-6,0
1085,20,20,0,-5,-6,1
1086,20,20,0,-5,-5,0
1087,20,20,0,-6,-5,-1
1088,21,20,1,-6,-6,0
1089,20,21,-1,-6,-6,0
1090,20,20,0,-5,-6,1
1091,20,20,0,-5,-5,0
1092,20,20,0,-6,-5,-1
1093,21,20,1,-6,-6,0
1094,20,21,-1,-6,-6,0
1095,20,20,0,-5,-6,1
1096,20,20,0,-5,-5,0
1097,20,20,0,-6,-5,-1
1098,21,20,1,-6,-6,0
1099,20,21,-1,-6,-6,0
1100,20,20,0,-5,-6,1
1101,20,20,0,-5,-5,0
1102,20,20,0,-6,-5,-1
1103,21,20,1,-6,-6,0
1104,20,21,-1,-6,-6,0
1105,20,20,0,-5,-6,1
1106,20,20,0,-5,-5,0
1107,20,20,0,-6,-5,-1
1108,21,20,1,-6,-6,0
1109,20,21,-1,-6,-6,0
1110,20,20,0,-5,-6,1
1111,20,20,0,-5,-5,0
1112,20,20,0,-6,-5,-1
1113,21,20,1,-6,-6,0
1114,20,21,-1,-6,-6,0
1115,20,20,0,-5,-6,1
1116,20,20,0,-5,-5,0
1117,20,20,0,-6,-5,-1
1118,21,20,1,-6,-6,0
1119,20,21,-1,-6,-6,0
1120,20,20,0,-5,-6,1
1121,20,20,0,-5,-5,0
1122,20,20,0,-6,-5,-1
1123,21,20,1,-6,-6,0
1124,20,21,-1,-6,-6,0
1125,20,20,0,-5,-6,1
1126,20,20,0,-5,-5,0
1127,20,20,0,-6,-5,-1
1128,21,20,1,-6,-6,0
1129,20,21,-1,-6,-6,0
1130,20,20,0,-5,-6,1
1131,20,20,0,-5,-5,0
1132,20,20,0,-6,-5,-1
1133,21,20,1,-6,-6,0
1134,20,21,-1,-6,-6,0
1135,20,20,0,-5,-6,1
1136,20,20,0,-5,-5,0
1137,20,20,0,-6,-5,-1
1138,21,20,1,-6,-6,0
1139,20,21,-1,-6,-6,0
1140,20,20,0,-5,-6,1
1141,20,20,0,-5,-5,0
1142,20,20,0,-6,-5,-1
1143,21,20,1,-6,-6,0
1144,20,21,-1,-6,-6,0
1145,20,20,0,-5,-6,1
1146,20,20,0,-5,-5,0
1147,20,20,0,-6,-5,-1
1148,21,20,1,-6,-6,0
1149,20,21,-1,-6,-6,0
1150,20,20,0,-5,-6,1
1151,20,20,0,-5,-5,0
1152,20,20,0,-6,-5,-1
1153,21,20,1,-6,-6,0
1154,20,21,-1,-6,-6,0
1155,20,20,0,-5,-6,1
1156,20,20,0,-5,-5,0
1157,20,20,0,-6,-5,-1
1158,21,20,1,-6,-6,0
1159,20,21,-1,-6,-6,0
1160,20,20,0,-5,-6,1
1161,20,20,0,-5,-5,0
1162,20,20,0,-6,-5,-1
1163,21,20,1,-6,-6,0
1164,20,21,-1,-6,-6,0
1165,20,20,0,-5,-6,1
1166,20,20,0,-5,-5,0
1167,20,20,0,-6,-5,-1
1168,21,20,1,-6,-6,0
1169,20,21,-1,-6,-6,0
1170,20,20,0,-5,-6,1
1171,20,20,0,-5,-5,0
1172,20,20,0,-6,-5,-1
1173,21,20,1,-6,-6,0
1174,20,21,-1,-6,-6,0
1175,20,20,0,-5,-6,1
1176,20,20,0,-5,-5,0
1177,20,20,0,-6,-5,-1
1178,21,20,1,-6,-6,0
1179,20,21,-1,-6,-6,0
1180,20,20,0,-5,-6,1
1181,20,20,0,-5,-5,0
1182,20,20,0,-6,-5,-1
1183,21,20,1,-6,-6,0
1184,20,21,-1,-6,-6,0
1185,20,20,0,-5,-6,1
1186,20,20,0,-5,-5,0
1187,20,20,0,-6,-5,-1
1188,21,20,1,-6,-6,0
1189,20,21,-1,-6,-6,0
1190,20,20,0,-5,-6,1
1191,20,20,0,-5,-5,0
1192,20,20,0,-6,-5,-1
1193,21,20,1,-6,-6,0
1194,20,21,-1,-6,-6,0
1195,20,20,0,-5,-6,1
1196,20,20,0,-5,-5,0
1197,20,20,0,-6,-5,-1
1198,21,20,1,-6,-6,0
1199,20,21,-1,-6,-6,0
1200,20,20,0,-5,-6,1
1201,20,20,0,-5,-5,0
1202,20,20,0,-6,-5,-1
1203,21,20,1,-6,-6,0
1204,20,21,-1,-6,-6,0
1205,20,20,0,-5,-6,1
1206,20,20,0,-5,-5,0
1207,20,20,0,-6,-5,-1
1208,21,20,1,-6,-6,0
1209,20,21,-1,-6,-6,0
1210,20,20,0,-5,-6,1
1211,20,20,0,-5,-5,0
1212,20,20,0,-6,-5,-1
1213,21,20,1,-6,-6,0
1214,20,21,-1,-6,-6,0
1215,20,20,0,-5,-6,1
1216,20,20,0,-5,-5,0
1217,20,20,0,-6,-5,-1
1218,21,20,1,-6,-6,0
1219,20,21,-1,-6,-6,0
1220,20,20,0,-5,-6,1
1221,20,20,0,-5,-5,0
1222,20,20,0,-6,-5,-1
1223,21,20,1,-6,-6,0
1224,20,21,-1,-6,-6,0
1225,20,20,0,-5,-6,1
1226,20,20,0,-5,-5,0
1227,20,20,0,-6,-5,-1
1228,21,20,1,-6,-6,0
1229,20,21,-1,-6,-6,0
1230,20,20,0,-5,-6,1
1231,20,20,0,-5,-5,0
1232,20,20,0,-6,-5,-1
1233,21,20,1,-6,-6,0
1234,20,21,-1,-6,-6,0
1235,20,20,0,-5,-6,1
1236,20,20,0,-5,-5,0
1237,20,20,0,-6,-5,-1
1238,21,20,1,-6,-6,0
1239,20,21,-1,-6,-6,0
1240,20,20,0,-5,-6,1
1241,20,20,0,-5,-5,0
1242,20,20,0,-6,-5,-1
1243,21,20,1,-6,-6,0
1244,20,21,-1,-6,-6,0
1245,20,20,0,-5,-6,1
1246,20,20,0,-5,-5,0
1247,20,20,0,-6,-5,-1
1248,21,20,1,-6,-6,0
1249,20,21,-1,-6,-6,0
1250,20,20,0,-5,-6,1
1251,20,20,0,-5,-5,0
1252,20,20,0,-6,-5,-1
1253,21,20,1,-6,-6,0
1254,20,21,-1,-6,-6,0
1255,20,20,0,-5,-6,1
1256,20,20,0,-5,-5,0
1257,20,20,0,-6,-5,-1
1258,21,20,1,-6,-6,0
1259,20,21,-1,-6,-6,0
1260,20,20,0,-5,-6,1
1261,20,20,0,-5,-5,0
1262,20,20,0,-6,-5,-1
1263,21,20,1,-6,-6,0
1264,20,21,-1,-6,-6,0
1265,20,20,0,-5,-6,1
1266,20,20,0,-5,-5,0
1267,20,20,0,-6,-5,-1
1268,21,20,1,-6,-6,0
1269,20,21,-1,-6,-6,0
1270,20,20,0,-5,-6,1
1271,20,20,0,-5,-5,0
1272,20,20,0,-6,-5,-1
1273,21,20,1,-6,-6,0
1274,20,21,-1,-6,-6,0
1275,20,20,0,-5,-6,1
1276,20,20,0,-5,-5,0
1277,20,20,0,-6,-5,-1
1278,21,20,1,-6,-6,0
1279,20,21,-1,-6,-6,0
1280,20,20,0,-5,-6,1
1281,20,20,0,-5,-5,0
1282,20,20,0,-6,-5,-1
1283,21,20,1,-6,-6,0
1284,20,21,-1,-6,-6,0
1285,20,20,0,-5,-6,1
1286,20,20,0,-5,-5,0
1287,20,20,0,-6,-5,-1
1288,21,20,1,-6,-6,0
1289,20,21,-1,-6,-6,0
1290,20,20,0,-5,-6,1
1291,20,20,0,-5,-5,0
1292,20,20,0,-6,-5,-1
1293,21,20,1,-6,-6,0
1294,20,21,-1,-6,-6,0
1295,20,20,0,-5,-6,1
1296,20,20,0,-5,-5,0
1297,20,20,0,-6,-5,-1
1298,21,20,1,-6,-6,0
1299,20,21,-1,-6,-6,0
1300,20,20,0,-5,-6,1
1301,20,20,0,-5,-5,0
1302,20,20,0,-6,-5,-1
1303,21,20,1,-6,-6,0
1304,20,21,-1,-6,-6,0
1305,20,20,0,-5,-6,1
1306,20,20,0,-5,-5,0
1307,20,20,0,-6,-5,-1
1308,21,20,1,-6,-6,0
1309,20,21,-1,-6,-6,0
1310,20,20,0,-5,-6,1
1311,20,20,0,-5,-5,0
1312,20,20,0,-6,-5,-1
1313,21,20,1,-6,-6,0
1314,20,21,-1,-6,-6,0
1315,20,20,0,-5,-6,1
1316,20,20,0,-5,-5,0
1317,20,20,0,-6,-5,-1
1318,21,20,1,-6,-6,0
1319,20,21,-1,-6,-6,0
1320,20,20,0,-5,-6,1
1321,20,20,0,-5,-5,0
1322,20,20,0,-6,-5,-1
1323,21,20,1,-6,-6,0
1324,20,21,-1,-6,-6,0
1325,20,20,0,-5,-6,1
1326,20,20,0,-5,-5,0
1327,20,20,0,-6,-5,-1
1328,21,20,1,-6,-6,0
1329,20,21,-1,-6,-6,0
1330,20,20,0,-5,-6,1
1331,20,20,0,-5,-5,0
1332,20,20,0,-6,-5,-1
1333,21,20,1,-6,-6,0
1334,20,21,-1,-6,-6,0
1335,20,20,0,-5,-6,1
1336,20,20,0,-5,-5,0
1337,20,20,0,-6,-5,-1
1338,21,20,1,-6,-6,0
1339,20,21,-1,-6,-6,0
1340,20,20,0,-5,-6,1
1341,20,20,0,-5,-5,0
1342,20,20,0,-6,-5,-1
1343,21,20,1,-6,-6,0
1344,20,21,-1,-6,-6,0
1345,20,20,0,-5,-6,1
1346,20,20,0,-5,-5,0
1347,20,20,0,-6,-5,-1
1348,21,20,1,-6,-6,0
1349,20,21,-1,-6,-6,0
1350,20,20,0,-5,-6,1
1351,20,20,0,-5,-5,0
1352,20,20,0,-6,-5,-1
1353,21,20,1,-6,-6,0
1354,20,21,-1,-6,-6,0
1355,20,20,0,-5,-6,1
1356,20,20,0,-5,-5,0
1357,20,20,0,-6,-5,-1
1358,21,20,1,-6,-6,0
1359,20,21,-1,-6,-6,0
1360,20,20,0,-5,-6,1
1361,20,20,0,-5,-5,0
1362,20,20,0,-6,-5,-1
1363,21,20,1,-6,-6,0
1364,20,21,-1,-6,-6,0
1365,20,20,0,-5,-6,1
1366,20,20,0,-5,-5,0
1367,20,20,0,-6,-5,-1
1368,21,20,1,-6,-6,0
1369,20,21,-1,-6,-6,0
1370,20,20,0,-5,-6,1
1371,20,20,0,-5,-5,0
1372,20,20,0,-6,-5,-1
1373,21,20,1,-6,-6,0
1374,20,21,-1,-6,-6,0
1375,20,20,0,-5,-6,1
1376,20,20,0,-5,-5,0
1377,20,20,0,-6,-5,-1
1378,21,20,1,-6,-6,0
1379,20,21,-1,-6,-6,0
1380,20,20,0,-5,-6,1
1381,20,20,0,-5,-5,0
1382,20,20,0,-6,-5,-1
1383,21,20,1,-6,-6,0
1384,20,21,-1,-6,-6,0
1385,20,20,0,-5,-6,1
1386,20,20,0,-5,-5,0
1387,20,20,0,-6,-5,-1
1388,21,20,1,-6,-6,0
1389,20,21,-1,-6,-6,0
1390,20,20,0,-5,-6,1
1391,20,20,0,-5,-5,0
1392,20,20,0,-6,-5,-1
1393,21,20,1,-6,-6,0
1394,20,21,-1,-6,-6,0
1395,20,20,0,-5,-6,1
1396,20,20,0,-5,-5,0
1397,20,20,0,-6,-5,-1
1398,21,20,1,-6,-6,0
1399,20,21,-1,-6,-6,0
1400,20,20,0,-5,-6,1
1401,20,20,0,-5,-5,0
1402,20,20,0,-6,-5,-1
1403,21,20,1,-6,-6,0
1404,20,21,-1,-6,-6,0
1405,20,20,0,-5,-6,1
1406,20,20,0,-5,-5,0
1407,20,20,0,-6,-5,-1
1408,21,20,1,-6,-6,0
1409,20,21,-1,-6,-6,0
1410,20,20,0,-5,-6,1
1411,20,20,0,-5,-5,0
1412,20,20,0,-6,-5,-1
1413,21,20,1,-6,-6,0
1414,20,21,-1,-6,-6,0
1415,20,20,0,-5,-6,1
1416,20,20,0,-5,-5,0
1417,20,20,0,-6,-5,-1
1418,21,20,1,-6,-6,0
1419,20,21,-1,-6,-6,0
1420,20,20,0,-5,-6,1
1421,20,20,0,-5,-5,0
1422,20,20,0,-6,-5,-1
1423,21,20,1,-6,-6,0
1424,20,21,-1,-6,-6,0
1425,20,20,0,-5,-6,1
1426,20,20,0,-5,-5,0
1427,20,20,0,-6,-5,-1
1428,21,20,1,-6,-6,0
1429,20,21,-1,-6,-6,0
1430,20,20,0,-5,-6,1
1431,20,20,0,-5,-5,0
1432,20,20,0,-6,-5,-1
1433,21,20,1,-6,-6,0
1434,20,21,-1,-6,-6,0
1435,20,20,0,-5,-6,1
1436,20,20,0,-5,-5,0
1437,20,20,0,-6,-5,-1
1438,21,20,1,-6,-6,0
1439,20,21,-1,-6,-6,0
1440,20,20,0,-5,-6,1
1441,20,20,0,-5,-5,0
1442,20,20,0,-6,-5,-1
1443,21,20,1,-6,-6,0
1444,20,21,-1,-6,-6,0
1445,20,20,0,-5,-6,1
1446,20,20,0,-5,-5,0
1447,20,20,0,-6,-5,-1
1448,21,20,1,-6,-6,0
1449,20,21,-1,-6,-6,0
1450,20,20,0,-5,-6,1
1451,20,20,0,-5,-5,0
1452,20,20,0,-6,-5,-1
1453,21,20,1,-6,-6,0
1454,20,21,-1,-6,-6,0
1455,20,20,0,-5,-6,1
1456,20,20,0,-5,-5,0
1457,20,20,0,-6,-5,-1
1458,21,20,1,-6,-6,0
1459,20,21,-1,-6,-6,0
1460,20,20,0,-5,-6,1
1461,20,20,0,-5,-5,0
1462,20,20,0,-6,-5,-1
1463,21,20,1,-6,-6,0
1464,20,21,-1,-6,-6,0
1465,20,20,0,-5,-6,1
1466,20,20,0,-5,-5,0
1467,20,20,0,-6,-5,-1
1468,21,20,1,-6,-6,0
1469,20,21,-1,-6,-6,0
1470,20,20,0,-5,-6,1
1471,20,20,0,-5,-5,0
1472,20,20,0,-6,-5,-1
1473,21,20,1,-6,-6,0
1474,20,21,-1,-6,-6,0
1475,20,20,0,-5,-6,1
1476,20,20,0,-5,-5,0
1477,20,20,0,-6,-5,-1
1478,21,20,1,-6,-6,0
1479,20,21,-1,-6,-6,0
1480,20,20,0,-5,-6,1
1481,20,20,0,-5,-5,0
1482,20,20,0,-6,-5,-1
1483,21,20,1,-6,-6,0
1484,20,21,-1,-6,-6,0
1485,20,20,0,-5,-6,1
1486,20,20,0,-5,-5,0
1487,20,20,0,-6,-5,-1
1488,21,20,1,-6,-6,0
1489,20,21,-1,-6,-6,0
1490,20,20,0,-5,-6,1
1491,20,20,0,-5,-5,0
1492,20,20,0,-6,-5,-1
1493,21,20,1,-6,-6,0
1494,20,21,-1,-6,-6,0
1495,20,20,0,-5,-6,1
1496,20,20,0,-5,-5,0
1497,20,20,0,-6,-5,-1
1498,21,20,1,-6,-6,0
1499,20,21,-1,-6,-6,0
1500,20,20,0,-5,-6,1
1501,20,20,0,-5,-5,0
1502,20,20,0,-6,-5,-1
1503,21,20,1,-6,-6,0
1504,20,21,-1,-6,-6,0
1505,20,20,0,-5,-6,1
1506,20,20,0,-5,-5,0
1507,20,20,0,-6,-5,-1
1508,21,20,1,-6,-6,0
1509,20,21,-1,-6,-6,0
1510,20,20,0,-5,-6,1
1511,20,20,0,-5,-5,0
1512,20,20,0,-6,-5,-1
1513,21,20,1,-6,-6,0
1514,20,21,-1,-6,-6,0
1515,20,20,0,-5,-6,1
1516,20,20,0,-5,-5,0
1517,20,20,0,-6,-5,-1
1518,21,20,1,-6,-6,0
1519,20,21,-1,-6,-6,0
1520,20,20,0,-5,-6,1
1521,20,20,0,-5,-5,0
1522,20,20,0,-6,-5,-1
1523,21,20,1,-6,-6,0
1524,20,21,-1,-6,-6,0
1525,20,20,0,-5,-6,1
1526,20,20,0,-5,-5,0
1527,20,20,0,-6,-5,-1
1528,21,20,1,-6,-6,0
1529,20,21,-1,-6,-6,0
1530,20,20,0,-5,-6,1
1531,20,20,0,-5,-5,0
1532,20,20,0,-6,-5,-1
1533,21,20,1,-6,-6,0
1534,20,21,-1,-6,-6,0
1535,20,20,0,-5,-6,1
1536,20,20,0,-5,-5,0
1537,20,20,0,-6,-5,-1
1538,21,20,1,-6,-6,0
1539,20,21,-1,-6,-6,0
1540,20,20,0,-5,-6,1
1541,20,20,0,-5,-5,0
1542,20,20,0,-6,-5,-1
1543,21,20,1,-6,-6,0
1544,20,21,-1,-6,-6,0
1545,20,20,0,-5,-6,1
1546,20,20,0,-5,-5,0
1547,20,20,0,-6,-5,-1
1548,21,20,1,-6,-6,0
1549,20,21,-1,-6,-6,0
1550,20,20,0,-5,-6,1
1551,20,20,0,-5,-5,0
1552,20,20,0,-6,-5,-1
1553,21,20,1,-6,-6,0
1554,20,21,-1,-6,-6,0
1555,20,20,0,-5,-6,1
1556,20,20,0,-5,-5,0
1557,20,20,0,-6,-5,-1
1558,21,20,1,-6,-6,0
1559,20,21,-1,-6,-6,0
1560,20,20,0,-5,-6,1
1561,20,20,0,-5,-5,0
1562,20,20,0,-6,-5,-1
1563,21,20,1,-6,-6,0
1564,20,21,-1,-6,-6,0
1565,20,20,0,-5,-6,1
1566,20,20,0,-5,-5,0
1567,20,20,0,-6,-5,-1
1568,21,20,1,-6,-6,0
1569,20,21,-1,-6,-6,0
1570,20,20,0,-5,-6,1
1571,20,20,0,-5,-5,0
1572,20,20,0,-6,-5,-1
1573,21,20,1,-6,-6,0
1574,20,21,-1,-6,-6,0
1575,20,20,0,-5,-6,1
1576,20,20,0,-5,-5,0
1577,20,20,0,-6,-5,-1
1578,21,20,1,-6,-6,0
1579,20,21,-1,-6,-6,0
1580,20,20,0,-5,-6,1
1581,20,20,0,-5,-5,0
1582,20,20,0,-6,-5,-1
1583,21,20,1,-6,-6,0
1584,20,21,-1,-6,-6,0
1585,20,20,0,-5,-6,1
1586,20,20,0,-5,-5,0
1587,20,20,0,-6,-5,-1
1588,21,20,1,-6,-6,0
1589,20,21,-1,-6,-6,0
1590,20,20,0,-5,-6,1
1591,20,20,0,-5,-5,0
1592,20,20,0,-6,-5,-1
1593,21,20,1,-6,-6,0
1594,20,21,-1,-6,-6,0
1595,20,20,0,-5,-6,1
1596,20,20,0,-5,-5,0
1597,20,20,0,-6,-5,-1
1598,21,20,1,-6,-6,0
1599,20,21,-1,-6,-6,0
1600,20,20,0,-5,-6,1
1601,20,20,0,-5,-5,0
1602,20,20,0,-6,-5,-1
1603,21,20,1,-6,-6,0
1604,20,21,-1,-6,-6,0
1605,20,20,0,-5,-6,1
1606,20,20,0,-5,-5,0
1607,20,20,0,-6,-5,-1
1608,21,20,1,-6,-6,0
1609,20,21,-1,-6,-6,0
1610,20,20,0,-5,-6,1
1611,20,20,0,-5,-5,0
1612,20,20,0,-6,-5,-1
1613,21,20,1,-6,-6,0
1614,20,21,-1,-6,-6,0
1615,20,20,0,-5,-6,1
1616,20,20,0,-5,-5,0
1617,20,20,0,-6,-5,-1
1618,21,20,1,-6,-6,0
1619,20,21,-1,-6,-6,0
1620,20,20,0,-5,-6,1
1621,20,20,0,-5,-5,0
1622,20,20,0,-6,-5,-1
1623,21,20,1,-6,-6,0
1624,20,21,-1,-6,-6,0
1625,20,20,0,-5,-6,1
1626,20,20,0,-5,-5,0
1627,20,20,0,-6,-5,-1
1628,21,20,1,-6,-6,0
1629,20,21,-1,-6,-6,0
1630,20,20,0,-5,-6,1
1631,20,20,0,-5,-5,0
1632,20,20,0,-6,-5,-1
1633,21,20,1,-6,-6,0
1634,20,21,-1,-6,-6,0
1635,20,20,0,-5,-6,1
1636,20,20,0,-5,-5,0
1637,20,20,0,-6,-5,-1
1638,21,20,1,-6,-6,0
1639,20,21,-1,-6,-6,0
1640,20,20,0,-5,-6,1
1641,20,20,0,-5,-5,0
1642,20,20,0,-6,-5,-1
1643,21,20,1,-6,-6,0
1644,20,21,-1,-6,-6,0
1645,20,20,0,-5,-6,1
1646,20,20,0,-5,-5,0
1647,20,20,0,-6,-5,-1
1648,21,20,1,-6,-6,0
1649,20,21,-1,-6,-6,0
1650,20,20,0,-5,-6,1
1651,20,20,0,-5,-5,0
1652,20,20,0,-6,-5,-1
1653,21,20,1,-6,-6,0
1654,20,21,-1,-6,-6,0
1655,20,20,0,-5,-6,1
1656,20,20,0,-5,-5,0
1657,20,20,0,-6,-5,-1
1658,21,20,1,-6,-6,0
1659,20,21,-1,-6,-6,0
1660,20,20,0,-5,-6,1
1661,20,20,0,-5,-5,0
1662,20,20,0,-6,-5,-1
1663,21,20,1,-6,-6,0
1664,20,21,-1,-6,-6,0
1665,20,20,0,-5,-6,1
1666,20,20,0,-5,-5,0
1667,20,20,0,-6,-5,-1
1668,21,20,1,-6,-6,0
1669,20,21,-1,-6,-6,0
1670,20,20,0,-5,-6,1
1671,20,20,0,-5,-5,0
1672,20,20,0,-6,-5,-1
1673,21,20,1,-6,-6,0
1674,20,21,-1,-6,-6,0
1675,20,20,0,-5,-6,1
1676,20,20,0,-5,-5,0
1677,20,20,0,-6,-5,-1
1678,21,20,1,-6,-6,0
1679,20,21,-1,-6,-6,0
1680,20,20,0,-5,-6,1
1681,20,20,0,-5,-5,0
1682,20,20,0,-6,-5,-1
1683,21,20,1,-6,-6,0
1684,20,21,-1,-6,-6,0
1685,20,20,0,-5,-6,1
1686,20,20,0,-5,-5,0
1687,20,20,0,-6,-5,-1
1688,21,20,1,-6,-6,0
1689,20,21,-1,-6,-6,0
1690,20,20,0,-5,-6,1
1691,20,20,0,-5,-5,0
1692,20,20,0,-6,-5,-1
1693,21,20,1,-6,-6,0
1694,20,21,-1,-6,-6,0
1695,20,20,0,-5,-6,1
1696,20,20,0,-5,-5,0
1697,20,20,0,-6,-5,-1
1698,21,20,1,-6,-6,0
1699,20,21,-1,-6,-6,0
1700,20,20,0,-5,-6,1
1701,20,20,0,-5,-5,0
1702,20,20,0,-6,-5,-1
1703,21,20,1,-6,-6,0
1704,20,21,-1,-6,-6,0
1705,20,20,0,-5,-6,1
1706,20,20,0,-5,-5,0
1707,20,20,0,-6,-5,-1
1708,21,20,1,-6,-6,0
1709,20,21,-1,-6,-6,0
1710,20,20,0,-5,-6,1
1711,20,20,0,-5,-5,0
1712,20,20,0,-6,-5,-1
1713,21,20,1,-6,-6,0
1714,20,21,-1,-6,-6,0
1715,20,20,0,-5,-6,1
1716,20,20,0,-5,-5,0
1717,20,20,0,-6,-5,-1
1718,21,20,1,-6,-6,0
1719,20,21,-1,-6,-6,0
1720,20,20,0,-5,-6,1
1721,20,20,0,-5,-5,0
1722,20,20,0,-6,-5,-1
1723,21,20,1,-6,-6,0
1724,20,21,-1,-6,-6,0
1725,20,20,0,-5,-6,1
1726,20,20,0,-5,-5,0
1727,20,20,0,-6,-5,-1
1728,21,20,1,-6,-6,0
1729,20,21,-1,-6,-6,0
1730,20,20,0,-5,-6,1
1731,20,20,0,-5,-5,0
1732,20,20,0,-6,-5,-1
1733,21,20,1,-6,-6,0
1734,20,21,-1,-6,-6,0
1735,20,20,0,-5,-6,1
1736,20,20,0,-5,-5,0
1737,20,20,0,-6,-5,-1
1738,21,20,1,-6,-6,0
1739,20,21,-1,-6,-6,0
1740,20,20,0,-5,-6,1
1741,20,20,0,-5,-5,0
1742,20,20,0,-6,-5,-1
1743,21,20,1,-6,-6,0
1744,20,21,-1,-6,-6,0
1745,20,20,0,-5,-6,1
1746,20,20,0,-5,-5,0
1747,20,20,0,-6,-5,-1
1748,21,20,1,-6,-6,0
1749,20,21,-1,-6,-6,0
1750,20,20,0,-5,-6,1
1751,20,20,0,-5,-5,0
1752,20,20,0,-6,-5,-1
1753,21,20,1,-6,-6,0
1754,20,21,-1,-6,-6,0
1755,20,20,0,-5,-6,1
1756,20,20,0,-5,-5,0
1757,20,20,0,-6,-5,-1
1758,21,20,1,-6,-6,0
1759,20,21,-1,-6,-6,0
1760,20,20,0,-5,-6,1
1761,20,20,0,-5,-5,0
1762,20,20,0,-6,-5,-1
1763,21,20,1,-6,-6,0
1764,20,21,-1,-6,-6,0
1765,20,20,0,-5,-6,1
1766,20,20,0,-5,-5,0
1767,20,20,0,-6,-5,-1
1768,21,20,1,-6,-6,0
1769,20,21,-1,-6,-6,0
1770,20,20,0,-5,-6,1
1771,20,20,0,-5,-5,0
1772,20,20,0,-6,-5,-1
1773,21,20,1,-6,-6,0
1774,20,21,-1,-6,-6,0
1775,20,20,0,-5,-6,1
1776,20,20,0,-5,-5,0
1777,20,20,0,-6,-5,-1
1778,21,20,1,-6,-6,0
1779,20,21,-1,-6,-6,0
1780,20,20,0,-5,-6,1
1781,20,20,0,-5,-5,0
1782,20,20,0,-6,-5,-1
1783,21,20,1,-6,-6,0
1784,20,21,-1,-6,-6,0
1785,20,20,0,-5,-6,1
1786,20,20,0,-5,-5,0
1787,20,20,0,-6,-5,-1
1788,21,20,1,-6,-6,0
1789,20,21,-1,-6,-6,0
1790,20,20,0,-5,-6,1
1791,20,20,0,-5,-5,0
1792,20,20,0,-6,-5,-1
1793,21,20,1,-6,-6,0
1794,20,21,-1,-6,-6,0
1795,20,20,0,-5,-6,1
1796,20,20,0,-5,-5,0
1797,20,20,0,-6,-5,-1
1798,21,20,1,-6,-6,0
1799,20,21,-1,-6,-6,0
1800,20,20,0,-5,-6,1
1801,20,20,0,-5,-5,0
1802,20,20,0,-6,-5,-1
1803,21,20,1,-6,-6,0
1804,20,21,-1,-6,-6,0
1805,20,20,0,-5,-6,1
1806,20,20,0,-5,-5,0
1807,20,20,0,-6,-5,-1
1808,21,20,1,-6,-6,0
1809,20,21,-1,-6,-6,0
1810,20,20,0,-5,-6,1
1811,20,20,0,-5,-5,0
1812,20,20,0,-6,-5,-1
1813,21,20,1,-6,-6,0
1814,20,21,-1,-6,-6,0
1815,20,20,0,-5,-6,1
1816,20,20,0,-5,-5,0
1817,20,20,0,-6,-5,-1
1818,21,20,1,-6,-6,0
1819,20,21,-1,-6,-6,0
1820,20,20,0,-5,-6,1
1821,20,20,0,-5,-5,0
1822,20,20,0,-6,-5,-1
1823,21,20,1,-6,-6,0
1824,20,21,-1,-6,-6,0
1825,20,20,0,-5,-6,1
1826,20,20,0,-5,-5,0
1827,20,20,0,-6,-5,-1
1828,21,20,1,-6,-6,0
1829,20,21,-1,-6,-6,0
1830,20,20,0,-5,-6,1
1831,20,20,0,-5,-5,0
1832,20,20,0,-6,-5,-1
1833,21,20,1,-6,-6,0
1834,20,21,-1,-6,-6,0
1835,20,20,0,-5,-6,1
1836,20,20,0,-5,-5,0
1837,20,20,0,-6,-5,-1
1838,21,20,1,-6,-6,0
1839,20,21,-1,-6,-6,0
1840,20,20,0,-5,-6,1
1841,20,20,0,-5,-5,0
1842,20,20,0,-6,-5,-1
1843,21,20,1,-6,-6,0
1844,20,21,-1,-6,-6,0
1845,20,20,0,-5,-6,1
1846,20,20,0,-5,-5,0
1847,20,20,0,-6,-5,-1
1848,21,20,1,-6,-6,0
1849,20,21,-1,-6,-6,0
1850,20,20,0,-5,-6,1
1851,20,20,0,-5,-5,0
1852,20,20,0,-6,-5,-1
1853,21,20,1,-6,-6,0
1854,20,21,-1,-6,-6,0
1855,20,20,0,-5,-6,1
1856,20,20,0,-5,-5,0
1857,20,20,0,-6,-5,-1
1858,21,20,1,-6,-6,0
1859,20,21,-1,-6,-6,0
1860,20,20,0,-5,-6,1
1861,20,20,0,-5,-5,0
1862,20,20,0,-6,-5,-1
1863,21,20,1,-6,-6,0
1864,20,21,-1,-6,-6,0
1865,20,20,0,-5,-6,1
1866,20,20,0,-5,-5,0
1867,20,20,0,-6,-5,-1
1868,21,20,1,-6,-6,0
1869,20,21,-1,-6,-6,0
1870,20,20,0,-5,-6,1
1871,20,20,0,-5,-5,0
1872,20,20,0,-6,-5,-1
1873,21,20,1,-6,-6,0
1874,20,21,-1,-6,-6,0
1875,20,20,0,-5,-6,1
1876,20,20,0,-5,-5,0
1877,20,20,0,-6,-5,-1
1878,21,20,1,-6,-6,0
1879,20,21,-1,-6,-6,0
1880,20,20,0,-5,-6,1
1881,20,20,0,-5,-5,0
1882,20,20,0,-6,-5,-1
1883,21,20,1,-6,-6,0
1884,20,21,-1,-6,-6,0
1885,20,20,0,-5,-6,1
1886,20,20,0,-5,-5,0
1887,20,20,0,-6,-5,-1
1888,21,20,1,-6,-6,0
1889,20,21,-1,-6,-6,0
1890,20,20,0,-5,-6,1
1891,20,20,0,-5,-5,0
1892,20,20,0,-6,-5,-1
1893,21,20,1,-6,-6,0
1894,20,21,-1,-6,-6,0
1895,20,20,0,-5,-6,1
1896,20,20,0,-5,-5,0
1897,20,20,0,-6,-5,-1
1898,21,20,1,-6,-6,0
1899,20,21,-1,-6,-6,0
1900,20,20,0,-5,-6,1
1901,20,20,0,-5,-5,0
1902,20,20,0,-6,-5,-1
1903,21,20,1,-6,-6,0
1904,20,21,-1,-6,-6,0
1905,20,20,0,-5,-6,1
1906,20,20,0,-5,-5,0
1907,20,20,0,-6,-5,-1
1908,21,20,1,-6,-6,0
1909,20,21,-1,-6,-6,0
1910,20,20,0,-5,-6,1
1911,20,20,0,-5,-5,0
1912,20,20,0,-6,-5,-1
1913,21,20,1,-6,-6,0
1914,20,21,-1,-6,-6,0
1915,20,20,0,-5,-6,1
1916,20,20,0,-5,-5,0
1917,20,20,0,-6,-5,-1
1918,21,20,1,-6,-6,0
1919,20,21,-1,-6,-6,0
1920,20,20,0,-5,-6,1
1921,20,20,0,-5,-5,0
1922,20,20,0,-6,-5,-1
1923,21,20,1,-6,-6,0
1924,20,21,-1,-6,-6,0
1925,20,20,0,-5,-6,1
1926,20,20,0,-5,-5,0
1927,20,20,0,-6,-5,-1
1928,21,20,1,-6,-6,0
1929,20,21,-1,-6,-6,0
1930,20,20,0,-5,-6,1
1931,20,20,0,-5,-5,0
1932,20,20,0,-6,-5,-1
1933,21,20,1,-6,-6,0
1934,20,21,-1,-6,-6,0
1935,20,20,0,-5,-6,1
1936,20,20,0,-5,-5,0
1937,20,20,0,-6,-5,-1
1938,21,20,1,-6,-6,0
1939,20,21,-1,-6,-6,0
1940,20,20,0,-5,-6,1
1941,20,20,0,-5,-5,0
1942,20,20,0,-6,-5,-1
1943,21,20,1,-6,-6,0
1944,20,21,-1,-6,-6,0
1945,20,20,0,-5,-6,1
1946,20,20,0,-5,-5,0
1947,20,20,0,-6,-5,-1
1948,21,20,1,-6,-6,0
1949,20,21,-1,-6,-6,0
1950,20,20,0,-5,-6,1
1951,20,20,0,-5,-5,0
1952,20,20,0,-6,-5,-1
1953,21,20,1,-6,-6,0
1954,20,21,-1,-6,-6,0
1955,20,20,0,-5,-6,1
1956,20,20,0,-5,-5,0
1957,20,20,0,-6,-5,-1
1958,21,20,1,-6,-6,0
1959,20,21,-1,-6,-6,0
1960,20,20,0,-5,-6,1
1961,20,20,0,-5,-5,0
1962,20,20,0,-6,-5,-1
1963,21,20,1,-6,-6,0
1964,20,21,-1,-6,-6,0
1965,20,20,0,-5,-6,1
1966,20,20,0,-5,-5,0
1967,20,20,0,-6,-5,-1
1968,21,20,1,-6,-6,0
1969,20,21,-1,-6,-6,0
1970,20,20,0,-5,-6,1
1971,20,20,0,-5,-5,0
1972,20,20,0,-6,-5,-1
1973,21,20,1,-6,-6,0
1974,20,21,-1,-6,-6,0
1975,20,20,0,-5,-6,1
1976,20,20,0,-5,-5,0
1977,20,20,0,-6,-5,-1
1978,21,20,1,-6,-6,0
1979,20,21,-1,-6,-6,0
1980,20,20,0,-5,-6,1
1981,20,20,0,-5,-5,0
1982,20,20,0,-6,-5,-1
1983,21,20,1,-6,-6,0
1984,20,21,-1,-6,-6,0
1985,20,20,0,-5,-6,1
1986,20,20,0,-5,-5,0
1987,20,20,0,-6,-5,-1
1988,21,20,1,-6,-6,0
1989,20,21,-1,-6,-6,0
1990,20,20,0,-5,-6,1
1991,20,20,0,-5,-5,0
1992,20,20,0,-6,-5,-1
1993,21,20,1,-6,-6,0
1994,20,21,-1,-6,-6,0
1995,20,20,0,-5,-6,1
1996,20,20,0,-5,-5,0
1997,20,20,0,-6,-5,-1
1998,21,20,1,-6,-6,0
1999,20,21,-1,-6,-6,0
2000,20,20,0,-5,-6,1
2001,20,20,0,-5,-5,0
2002,20,20,0,-6,-5,-1
2003,21,20,1,-6,-6,0
2004,20,21,-1,-6,-6,0
2005,20,20,0,-5,-6,1
2006,20,20,0,-5,-5,0
2007,20,20,0,-6,-5,-1
2008,21,20,1,-6,-6,0
2009,20,21,-1,-6,-6,0
2010,20,20,0,-5,-6,1
2011,20,20,0,-5,-5,0
2012,20,20,0,-6,-5,-1
2013,21,20,1,-6,-6,0
2014,20,21,-1,-6,-6,0
2015,20,20,0,-5,-6,1
2016,20,20,0,-5,-5,0
2017,20,20,0,-6,-5,-1
2018,21,20,1,-6,-6,0
2019,20,21,-1,-6,-6,0
2020,20,20,0,-5,-6,1
2021,20,20,0,-5,-5,0
2022,20,20,0,-6,-5,-1
2023,21,20,1,-6,-6,0
2024,20,21,-1,-6,-6,0
2025,20,20,0,-5,-6,1
2026,20,20,0,-5,-5,0
2027,20,20,0,-6,-5,-1
2028,21,20,1,-6,-6,0
2029,20,21,-1,-6,-6,0
2030,20,20,0,-5,-6,1
2031,20,20,0,-5,-5,0
2032,20,20,0,-6,-5,-1
2033,21,20,1,-6,-6,0
2034,20,21,-1,-6,-6,0
2035,20,20,0,-5,-6,1
2036,20,20,0,-5,-5,0
2037,20,20,0,-6,-5,-1
2038,21,20,1,-6,-6,0
2039,20,21,-1,-6,-6,0
2040,20,20,0,-5,-6,1
2041,20,20,0,-5,-5,0
2042,20,20,0,-6,-5,-1
2043,21,20,1,-6,-6,0
2044,20,21,-1,-6,-6,0
2045,20,20,0,-5,-6,1
2046,20,20,0,-5,-5,0
2047,20,20,0,-6,-5,-1
2048,21,20,1,-6,-6,0
2049,20,21,-1,-6,-6,0
2050,20,20,0,-5,-6,1
2051,20,20,0,-5,-5,0
2052,20,20,0,-6,-5,-1
2053,21,20,1,-6,-6,0
2054,20,21,-1,-6,-6,0
2055,20,20,0,-5,-6,1
2056,20,20,0,-5,-5,0
2057,20,20,0,-6,-5,-1
2058,21,20,1,-6,-6,0
2059,20,21,-1,-6,-6,0
2060,20,20,0,-5,-6,1
2061,20,20,0,-5,-5,0
2062,20,20,0,-6,-5,-1
2063,21,20,1,-6,-6,0
2064,20,21,-1,-6,-6,0
2065,20,20,0,-5,-6,1
2066,20,20,0,-5,-5,0
2067,20,20,0,-6,-5,-1
2068,21,20,1,-6,-6,0
2069,20,21,-1,-6,-6,0
2070,20,20,0,-5,-6,1
2071,20,20,0,-5,-5,0
2072,20,20,0,-6,-5,-1
2073,21,20,1,-6,-6,0
2074,20,21,-1,-6,-6,0
2075,20,20,0,-5,-6,1
2076,20,20,0,-5,-5,0
2077,20,20,0,-6,-5,-1
2078,21,20,1,-6,-6,0
2079,20,21,-1,-6,-6,0
2080,20,20,0,-5,-6,1
2081,20,20,0,-5,-5,0
2082,20,20,0,-6,-5,-1
2083,21,20,1,-6,-6,0
2084,20,21,-1,-6,-6,0
2085,20,20,0,-5,-6,1
2086,20,20,0,-5,-5,0
2087,20,20,0,-6,-5,-1
2088,21,20,1,-6,-6,0
2089,20,21,-1,-6,-6,0
2090,20,20,0,-5,-6,1
2091,20,20,0,-5,-5,0
2092,20,20,0,-6,-5,-1
2093,21,20,1,-6,-6,0
2094,20,21,-1,-6,-6,0
2095,20,20,0,-5,-6,1
2096,20,20,0,-5,-5,0
2097,20,20,0,-6,-5,-1
2098,21,20,1,-6,-6,0
2099,20,21,-1,-6,-6,0
2100,20,20,0,-5,-6,1
2101,20,20,0,-5,-5,0
2102,20,20,0,-6,-5,-1
2103,21,20,1,-6,-6,0
2104,20,21,-1,-6,-6,0
2105,20,20,0,-5,-6,1
2106,20,20,0,-5,-5,0
2107,20,20,0,-6,-5,-1
2108,21,20,1,-6,-6,0
2109,20,21,-1,-6,-6,0
2110,20,20,0,-5,-6,1
2111,20,20,0,-5,-5,0
2112,20,20,0,-6,-5,-1
2113,21,20,1,-6,-6,0
2114,20,21,-1,-6,-6,0
2115,20,20,0,-5,-6,1
2116,20,20,0,-5,-5,0
2117,20,20,0,-6,-5,-1
2118,21,20,1,-6,-6,0
2119,20,21,-1,-6,-6,0
2120,20,20,0,-5,-6,1
2121,20,20,0,-5,-5,0
2122,20,20,0,-6,-5,-1
2123,21,20,1,-6,-6,0
2124,20,21,-1,-6,-6,0
2125,20,20,0,-5,-6,1
2126,20,20,0,-5,-5,0
2127,20,20,0,-6,-5,-1
2128,21,20,1,-6,-6,0
2129,20,21,-1,-6,-6,0
2130,20,20,0,-5,-6,1
2131,20,20,0,-5,-5,0
2132,20,20,0,-6,-5,-1
2133,21,20,1,-6,-6,0
2134,20,21,-1,-6,-6,0
2135,20,20,0,-5,-6,1
2136,20,20,0,-5,-5,0
2137,20,20,0,-6,-5,-1
2138,21,20,1,-6,-6,0
2139,20,21,-1,-6,-6,0
2140,20,20,0,-5,-6,1
2141,20,20,0,-5,-5,0
2142,20,20,0,-6,-5,-1
2143,21,20,1,-6,-6,0
2144,20,21,-1,-6,-6,0
2145,20,20,0,-5,-6,1
2146,20,20,0,-5,-5,0
2147,20,20,0,-6,-5,-1
2148,21,20,1,-6,-6,0
2149,20,21,-1,-6,-6,0
2150,20,20,0,-5,-6,1
2151,20,20,0,-5,-5,0
2152,20,20,0,-6,-5,-1
2153,21,20,1,-6,-6,0
2154,20,21,-1,-6,-6,0
2155,20,20,0,-5,-6,1
2156,20,20,0,-5,-5,0
2157,20,20,0,-6,-5,-1
2158,21,20,1,-6,-6,0
2159,20,21,-1,-6,-6,0
2160,20,20,0,-5,-6,1
2161,20,20,0,-5,-5,0
2162,20,20,0,-6,-5,-1
2163,21,20,1,-6,-6,0
2164,20,21,-1,-6,-6,0
2165,20,20,0,-5,-6,1
2166,20,20,0,-5,-5,0
2167,20,20,0,-6,-5,-1
2168,21,20,1,-6,-6,0
2169,20,21,-1,-6,-6,0
2170,20,20,0,-5,-6,1
2171,20,20,0,-5,-5,0
2172,20,20,0,-6,-5,-1
2173,21,20,1,-6,-6,0
2174,20,21,-1,-6,-6,0
2175,20,20,0,-5,-6,1
2176,20,20,0,-5,-5,0
2177,20,20,0,-6,-5,-1
2178,21,20,1,-6,-6,0
2179,20,21,-1,-6,-6,0
2180,20,20,0,-5,-6,1
2181,20,20,0,-5,-5,0
2182,20,20,0,-6,-5,-1
2183,21,20,1,-6,-6,0
2184,20,21,-1,-6,-6,0
2185,20,20,0,-5,-6,1
2186,20,20,0,-5,-5,0
2187,20,20,0,-6,-5,-1
2188,21,20,1,-6,-6,0
2189,20,21,-1,-6,-6,0
2190,20,20,0,-5,-6,1
2191,20,20,0,-5,-5,0
2192,20,20,0,-6,-5,-1
2193,21,20,1,-6,-6,0
2194,20,21,-1,-6,-6,0
2195,20,20,0,-5,-6,1
2196,20,20,0,-5,-5,0
2197,20,20,0,-6,-5,-1
2198,21,20,1,-6,-6,0
2199,20,21,-1,-6,-6,0
2200,20,20,0,-5,-6,1
2201,20,20,0,-5,-5,0
2202,20,20,0,-6,-5,-1
2203,21,20,1,-6,-6,0
2204,20,21,-1,-6,-6,0
2205,20,20,0,-5,-6,1
2206,20,20,0,-5,-5,0
2207,20,20,0,-6,-5,-1
2208,21,20,1,-6,-6,0
2209,20,21,-1,-6,-6,0
2210,20,20,0,-5,-6,1
2211,20,20,0,-5,-5,0
2212,20,20,0,-6,-5,-1
2213,21,20,1,-6,-6,0
2214,20,21,-1,-6,-6,0
2215,20,20,0,-5,-6,1
2216,20,20,0,-5,-5,0
2217,20,20,0,-6,-5,-1
2218,21,20,1,-6,-6,0
2219,20,21,-1,-6,-6,0
2220,20,20,0,-5,-6,1
2221,20,20,0,-5,-5,0
2222,20,20,0,-6,-5,-1
2223,21,20,1,-6,-6,0
2224,20,21,-1,-6,-6,0
2225,20,20,0,-5,-6,1
2226,20,20,0,-5,-5,0
2227,20,20,0,-6,-5,-1
2228,21,20,1,-6,-6,0
2229,20,21,-1,-6,-6,0
2230,20,20,0,-5,-6,1
2231,20,20,0,-5,-5,0
2232,20,20,0,-6,-5,-1
2233,21,20,1,-6,-6,0
2234,20,21,-1,-6,-6,0
2235,20,20,0,-5,-6,1
2236,20,20,0,-5,-5,0
2237,20,20,0,-6,-5,-1
2238,21,20,1,-6,-6,0
2239,20,21,-1,-6,-6,0
2240,20,20,0,-5,-6,1
2241,20,20,0,-5,-5,0
2242,20,20,0,-6,-5,-1
2243,21,20,1,-6,-6,0
2244,20,21,-1,-6,-6,0
2245,20,20,0,-5,-6,1
2246,20,20,0,-5,-5,0
2247,20,20,0,-6,-5,-1
2248,21,20,1,-6,-6,0
2249,20,21,-1,-6,-6,0
2250,20,20,0,-5,-6,1
2251,20,20,0,-5,-5,0
2252,20,20,0,-6,-5,-1
2253,21,20,1,-6,-6,0
2254,20,21,-1,-6,-6,0
2255,20,20,0,-5,-6,1
2256,20,20,0,-5,-5,0
2257,20,20,0,-6,-5,-1
2258,21,20,1,-6,-6,0
2259,20,21,-1,-6,-6,0
2260,20,20,0,-5,-6,1
2261,20,20,0,-5,-5,0
2262,20,20,0,-6,-5,-1
2263,21,20,1,-6,-6,0
2264,20,21,-1,-6,-6,0
2265,20,20,0,-5,-6,1
2266,20,20,0,-5,-5,0
2267,20,20,0,-6,-5,-1
2268,21,20,1,-6,-6,0
2269,20,21,-1,-6,-6,0
2270,20,20,0,-5,-6,1
2271,20,20,0,-5,-5,0
2272,20,20,0,-6,-5,-1
2273,21,20,1,-6,-6,0
2274,20,21,-1,-6,-6,0
2275,20,20,0,-5,-6,1
2276,20,20,0,-5,-5,0
2277,20,20,0,-6,-5,-1
2278,21,20,1,-6,-6,0
2279,20,21,-1,-6,-6,0
2280,20,20,0,-5,-6,1
2281,20,20,0,-5,-5,0
2282,20,20,0,-6,-5,-1
2283,21,20,1,-6,-6,0
2284,20,21,-1,-6,-6,0
2285,20,20,0,-5,-6,1
2286,20,20,0,-5,-5,0
2287,20,20,0,-6,-5,-1
2288,21,20,1,-6,-6,0
2289,20,21,-1,-6,-6,0
2290,20,20,0,-5,-6,1
2291,20,20,0,-5,-5,0
2292,20,20,0,-6,-5,-1
2293,21,20,1,-6,-6,0
2294,20,21,-1,-6,-6,0
2295,20,20,0,-5,-6,1
2296,20,20,0,-5,-5,0
2297,20,20,0,-6,-5,-1
2298,21,20,1,-6,-6,0
2299,20,21,-1,-6,-6,0
2300,20,20,0,-5,-6,1
2301,20,20,0,-5,-5,0
2302,20,20,0,-6,-5,-1
2303,21,20,1,-6,-6,0
2304,20,21,-1,-6,-6,0
2305,20,20,0,-5,-6,1
2306,20,20,0,-5,-5,0
2307,20,20,0,-6,-5,-1
2308,21,20,1,-6,-6,0
2309,20,21,-1,-6,-6,0
2310,20,20,0,-5,-6,1
2311,20,20,0,-5,-5,0
2312,20,20,0,-6,-5,-1
2313,21,20,1,-6,-6,0
2314,20,21,-1,-6,-6,0
2315,20,20,0,-5,-6,1
2316,20,20,0,-5,-5,0
2317,20,20,0,-6,-5,-1
2318,21,20,1,-6,-6,0
2319,20,21,-1,-6,-6,0
2320,20,20,0,-5,-6,1
2321,20,20,0,-5,-5,0
2322,20,20,0,-6,-5,-1
2323,21,20,1,-6,-6,0
2324,20,21,-1,-6,-6,0
2325,20,20,0,-5,-6,1
2326,20,20,0,-5,-5,0
2327,20,20,0,-6,-5,-1
2328,21,20,1,-6,-6,0
2329,20,21,-1,-6,-6,0
2330,20,20,0,-5,-6,1
2331,20,20,0,-5,-5,0
2332,20,20,0,-6,-5,-1
2333,21,20,1,-6,-6,0
2334,20,21,-1,-6,-6,0
2335,20,20,0,-5,-6,1
2336,20,20,0,-5,-5,0
2337,20,20,0,-6,-5,-1
2338,21,20,1,-6,-6,0
2339,20,21,-1,-6,-6,0
2340,20,20,0,-5,-6,1
2341,20,20,0,-5,-5,0
2342,20,20,0,-6,-5,-1
2343,21,20,1,-6,-6,0
2344,20,21,-1,-6,-6,0
2345,20,20,0,-5,-6,1
2346,20,20,0,-5,-5,0
2347,20,20,0,-6,-5,-1
2348,21,20,1,-6,-6,0
2349,20,21,-1,-6,-6,0
2350,20,20,0,-5,-6,1
2351,20,20,0,-5,-5,0
2352,20,20,0,-6,-5,-1
2353,21,20,1,-6,-6,0
2354,20,21,-1,-6,-6,0
2355,20,20,0,-5,-6,1
2356,20,20,0,-5,-5,0
2357,20,20,0,-6,-5,-1
2358,21,20,1,-6,-6,0
2359,20,21,-1,-6,-6,0
2360,20,20,0,-5,-6,1
2361,20,20,0,-5,-5,0
2362,20,20,0,-6,-5,-1
2363,21,20,1,-6,-6,0
2364,20,21,-1,-6,-6,0
2365,20,20,0,-5,-6,1
2366,20,20,0,-5,-5,0
2367,20,20,0,-6,-5,-1
2368,21,20,1,-6,-6,0
2369,20,21,-1,-6,-6,0
2370,20,20,0,-5,-6,1
2371,20,20,0,-5,-5,0
2372,20,20,0,-6,-5,-1
2373,21,20,1,-6,-6,0
2374,20,21,-1,-6,-6,0
2375,20,20,0,-5,-6,1
2376,20,20,0,-5,-5,0
2377,20,20,0,-6,-5,-1
2378,21,20,1,-6,-6,0
2379,20,21,-1,-6,-6,0
2380,20,20,0,-5,-6,1
2381,20,20,0,-5,-5,0
2382,20,20,0,-6,-5,-1
2383,21,20,1,-6,-6,0
2384,20,21,-1,-6,-6,0
2385,20,20,0,-5,-6,1
2386,20,20,0,-5,-5,0
2387,20,20,0,-6,-5,-1
2388,21,20,1,-6,-6,0
2389,20,21,-1,-6,-6,0
2390,20,20,0,-5,-6,1
2391,20,20,0,-5,-5,0
2392,20,20,0,-6,-5,-1
2393,21,20,1,-6,-6,0
2394,20,21,-1,-6,-6,0
2395,20,20,0,-5,-6,1
2396,20,20,0,-5,-5,0
2397,20,20,0,-6,-5,-1
2398,21,20,1,-6,-6,0
2399,20,21,-1,-6,-6,0
2400,20,20,0,-5,-6,1
2401,20,20,0,-5,-5,0
2402,20,20,0,-6,-5,-1
2403,21,20,1,-6,-6,0
2404,20,21,-1,-6,-6,0
2405,20,20,0,-5,-6,1
2406,20,20,0,-5,-5,0
2407,20,20,0,-6,-5,-1
2408,21,20,1,-6,-6,0
2409,20,21,-1,-6,-6,0
2410,20,20,0,-5,-6,1
2411,20,20,0,-5,-5,0
2412,20,20,0,-6,-5,-1
2413,21,20,1,-6,-6,0
2414,20,21,-1,-6,-6,0
2415,20,20,0,-5,-6,1
2416,20,20,0,-5,-5,0
2417,20,20,0,-6,-5,-1
2418,21,20,1,-6,-6,0
2419,20,21,-1,-6,-6,0
2420,20,20,0,-5,-6,1
2421,20,20,0,-5,-5,0
2422,20,20,0,-6,-5,-1
2423,21,20,1,-6,-6,0
2424,20,21,-1,-6,-6,0
2425,20,20,0,-5,-6,1
2426,20,20,0,-5,-5,0
2427,20,20,0,-6,-5,-1
2428,21,20,1,-6,-6,0
2429,20,21,-1,-6,-6,0
2430,20,20,0,-5,-6,1
2431,20,20,0,-5,-5,0
2432,20,20,0,-6,-5,-1
2433,21,20,1,-6,-6,0
2434,20,21,-1,-6,-6,0
2435,20,20,0,-5,-6,1
2436,20,20,0,-5,-5,0
2437,20,20,0,-6,-5,-1
2438,21,20,1,-6,-6,0
2439,20,21,-1,-6,-6,0
2440,20,20,0,-5,-6,1
2441,20,20,0,-5,-5,0
2442,20,20,0,-6,-5,-1
2443,21,20,1,-6,-6,0
2444,20,21,-1,-6,-6,0
2445,20,20,0,-5,-6,1
2446,20,20,0,-5,-5,0
2447,20,20,0,-6,-5,-1
2448,21,20,1,-6,-6,0
2449,20,21,-1,-6,-6,0
2450,20,20,0,-5,-6,1
2451,20,20,0,-5,-5,0
2452,20,20,0,-6,-5,-1
2453,21,20,1,-6,-6,0
2454,20,21,-1,-6,-6,0
2455,20,20,0,-5,-6,1
2456,20,20,0,-5,-5,0
2457,20,20,0,-6,-5,-1
2458,21,20,1,-6,-6,0
2459,20,21,-1,-6,-6,0
2460,20,20,0,-5,-6,1
2461,20,20,0,-5,-5,0
2462,20,20,0,-6,-5,-1
2463,21,20,1,-6,-6,0
2464,20,21,-1,-6,-6,0
2465,20,20,0,-5,-6,1
2466,20,20,0,-5,-5,0
2467,20,20,0,-6,-5,-1
2468,21,20,1,-6,-6,0
2469,20,21,-1,-6,-6,0
2470,20,20,0,-5,-6,1
2471,20,20,0,-5,-5,0
2472,20,20,0,-6,-5,-1
2473,21,20,1,-6,-6,0
2474,20,21,-1,-6,-6,0
2475,20,20,0,-5,-6,1
2476,20,20,0,-5,-5,0
2477,20,20,0,-6,-5,-1
2478,21,20,1,-6,-6,0
2479,20,21,-1,-6,-6,0
2480,20,20,0,-5,-6,1
2481,20,20,0,-5,-5,0
2482,20,20,0,-6,-5,-1
2483,21,20,1,-6,-6,0
2484,20,21,-1,-6,-6,0
2485,20,20,0,-5,-6,1
2486,20,20,0,-5,-5,0
2487,20,20,0,-6,-5,-1
2488,21,20,1,-6,-6,0
2489,20,21,-1,-6,-6,0
2490,20,20,0,-5,-6,1
2491,20,20,0,-5,-5,0
2492,20,20,0,-6,-5,-1
2493,21,20,1,-6,-6,0
2494,20,21,-1,-6,-6,0
2495,20,20,0,-5,-6,1
2496,20,20,0,-5,-5,0
2497,20,20,0,-6,-5,-1
2498,21,20,1,-6,-6,0
2499,20,21,-1,-6,-6,0
2500,20,20,0,-5,-6,1
2501,20,20,0,-5,-5,0
2502,20,20,0,-6,-5,-1
2503,21,20,1,-6,-6,0
2504,20,21,-1,-6,-6,0
2505,20,20,0,-5,-6,1
2506,20,20,0,-5,-5,0
2507,20,20,0,-6,-5,-1
2508,21,20,1,-6,-6,0
2509,20,21,-1,-6,-6,0
2510,20,20,0,-5,-6,1
2511,20,20,0,-5,-5,0
2512,20,20,0,-6,-5,-1
2513,21,20,1,-6,-6,0
2514,20,21,-1,-6,-6,0
2515,20,20,0,-5,-6,1
2516,20,20,0,-5,-5,0
2517,20,20,0,-6,-5,-1
2518,21,20,1,-6,-6,0
2519,20,21,-1,-6,-6,0
2520,20,20,0,-5,-6,1
2521,20,20,0,-5,-5,0
2522,20,20,0,-6,-5,-1
2523,21,20,1,-6,-6,0
2524,20,21,-1,-6,-6,0
2525,20,20,0,-5,-6,1
2526,20,20,0,-5,-5,0
2527,20,20,0,-6,-5,-1
2528,21,20,1,-6,-6,0
2529,20,21,-1,-6,-6,0
2530,20,20,0,-5,-6,1
2531,20,20,0,-5,-5,0
2532,20,20,0,-6,-5,-1
2533,21,20,1,-6,-6,0
2534,20,21,-1,-6,-6,0
2535,20,20,0,-5,-6,1
2536,20,20,0,-5,-5,0
2537,20,20,0,-6,-5,-1
2538,21,20,1,-6,-6,0
2539,20,21,-1,-6,-6,0
2540,20,20,0,-5,-6,1
2541,20,20,0,-5,-5,0
2542,20,20,0,-6,-5,-1
2543,21,20,1,-6,-6,0
2544,20,21,-1,-6,-6,0
2545,20,20,0,-5,-6,1
2546,20,20,0,-5,-5,0
2547,20,20,0,-6,-5,-1
2548,21,20,1,-6,-6,0
2549,20,21,-1,-6,-6,0
2550,20,20,0,-5,-6,1
2551,20,20,0,-5,-5,0
2552,20,20,0,-6,-5,-1
2553,21,20,1,-6,-6,0
2554,20,21,-1,-6,-6,0
2555,20,20,0,-5,-6,1
2556,20,20,0,-5,-5,0
2557,20,20,0,-6,-5,-1
2558,21,20,1,-6,-6,0
2559,20,21,-1,-6,-6,0
2560,20,20,0,-5,-6,1
2561,20,20,0,-5,-5,0
2562,20,20,0,-6,-5,-1
2563,21,20,1,-6,-6,0
2564,20,21,-1,-6,-6,0
2565,20,20,0,-5,-6,1
2566,20,20,0,-5,-5,0
2567,20,20,0,-6,-5,-1
2568,21,20,1,-6,-6,0
2569,20,21,-1,-6,-6,0
2570,20,20,0,-5,-6,1
2571,20,20,0,-5,-5,0
2572,20,20,0,-6,-5,-1
2573,21,20,1,-6,-6,0
2574,20,21,-1,-6,-6,0
2575,20,20,0,-5,-6,1
2576,20,20,0,-5,-5,0
2577,20,20,0,-6,-5,-1
2578,21,20,1,-6,-6,0
2579,20,21,-1,-6,-6,0
2580,20,20,0,-5,-6,1
2581,20,20,0,-5,-5,0
2582,20,20,0,-6,-5,-1
2583,21,20,1,-6,-6,0
2584,20,21,-1,-6,-6,0
2585,20,20,0,-5,-6,1
2586,20,20,0,-5,-5,0
2587,20,20,0,-6,-5,-1
2588,21,20,1,-6,-6,0
2589,20,21,-1,-6,-6,0
2590,20,20,0,-5,-6,1
2591,20,20,0,-5,-5,0
2592,20,20,0,-6,-5,-1
2593,21,20,1,-6,-6,0
2594,20,21,-1,-6,-6,0
2595,20,20,0,-5,-6,1
2596,20,20,0,-5,-5,0
2597,20,20,0,-6,-5,-1
2598,21,20,1,-6,-6,0
2599,20,21,-1,-6,-6,0
2600,20,20,0,-5,-6,1
2601,20,20,0,-5,-5,0
2602,20,20,0,-6,-5,-1
2603,21,20,1,-6,-6,0
2604,20,21,-1,-6,-6,0
2605,20,20,0,-5,-6,1
2606,20,20,0,-5,-5,0
2607,20,20,0,-6,-5,-1
2608,21,20,1,-6,-6,0
2609,20,21,-1,-6,-6,0
2610,20,20,0,-5,-6,1
2611,20,20,0,-5,-5,0
2612,20,20,0,-6,-5,-1
2613,21,20,1,-6,-6,0
2614,20,21,-1,-6,-6,0
2615,20,20,0,-5,-6,1
2616,20,20,0,-5,-5,0
2617,20,20,0,-6,-5,-1
2618,21,20,1,-6,-6,0
2619,20,21,-1,-6,-6,0
2620,20,20,0,-5,-6,1
2621,20,20,0,-5,-5,0
2622,20,20,0,-6,-5,-1
2623,21,20,1,-6,-6,0
2624,20,21,-1,-6,-6,0
2625,20,20,0,-5,-6,1
2626,20,20,0,-5,-5,0
2627,20,20,0,-6,-5,-1
2628,21,20,1,-6,-6,0
2629,20,21,-1,-6,-6,0
2630,20,20,0,-5,-6,1
2631,20,20,0,-5,-5,0
2632,20,20,0,-6,-5,-1
2633,21,20,1,-6,-6,0
2634,20,21,-1,-6,-6,0
2635,20,20,0,-5,-6,1
2636,20,20,0,-5,-5,0
2637,20,20,0,-6,-5,-1
2638,21,20,1,-6,-6,0
2639,20,21,-1,-6,-6,0
2640,20,20,0,-5,-6,1
2641,20,20,0,-5,-5,0
2642,20,20,0,-6,-5,-1
2643,21,20,1,-6,-6,0
2644,20,21,-1,-6,-6,0
2645,20,20,0,-5,-6,1
2646,20,20,0,-5,-5,0
2647,20,20,0,-6,-5,-1
2648,21,20,1,-6,-6,0
2649,20,21,-1,-6,-6,0
2650,20,20,0,-5,-6,1
2651,20,20,0,-5,-5,0
2652,20,20,0,-6,-5,-1
2653,21,20,1,-6,-6,0
2654,20,21,-1,-6,-6,0
2655,20,20,0,-5,-6,1
2656,20,20,0,-5,-5,0
2657,20,20,0,-6,-5,-1
2658,21,20,1,-6,-6,0
2659,20,21,-1,-6,-6,0
2660,20,20,0,-5,-6,1
2661,20,20,0,-5,-5,0
2662,20,20,0,-6,-5,-1
2663,21,20,1,-6,-6,0
2664,20,21,-1,-6,-6,0
2665,20,20,0,-5,-6,1
2666,20,20,0,-5,-5,0
2667,20,20,0,-6,-5,-1
2668,21,20,1,-6,-6,0
2669,20,21,-1,-6,-6,0
2670,20,20,0,-5,-6,1
2671,20,20,0,-5,-5,0
2672,20,20,0,-6,-5,-1
2673,21,20,1,-6,-6,0
2674,20,21,-1,-6,-6,0
2675,20,20,0,-5,-6,1
2676,20,20,0,-5,-5,0
2677,20,20,0,-6,-5,-1
2678,21,20,1,-6,-6,0
2679,20,21,-1,-6,-6,0
2680,20,20,0,-5,-6,1
2681,20,20,0,-5,-5,0
2682,20,20,0,-6,-5,-1
2683,21,20,1,-6,-6,0
2684,20,21,-1,-6,-6,0
2685,20,20,0,-5,-6,1
2686,20,20,0,-5,-5,0
2687,20,20,0,-6,-5,-1
2688,21,20,1,-6,-6,0
2689,20,21,-1,-6,-6,0
2690,20,20,0,-5,-6,1
2691,20,20,0,-5,-5,0
2692,20,20,0,-6,-5,-1
2693,21,20,1,-6,-6,0
2694,20,21,-1,-6,-6,0
2695,20,20,0,-5,-6,1
2696,20,20,0,-5,-5,0
2697,20,20,0,-6,-5,-1
2698,21,20,1,-6,-6,0
2699,20,21,-1,-6,-6,0
2700,20,20,0,-5,-6,1
2701,20,20,0,-5,-5,0
2702,20,20,0,-6,-5,-1
2703,21,20,1,-6,-6,0
2704,20,21,-1,-6,-6,0
2705,20,20,0,-5,-6,1
2706,20,20,0,-5,-5,0
2707,20,20,0,-6,-5,-1
2708,21,20,1,-6,-6,0
2709,20,21,-1,-6,-6,0
2710,20,20,0,-5,-6,1
2711,20,20,0,-5,-5,0
2712,20,20,0,-6,-5,-1
2713,21,20,1,-6,-6,0
2714,20,21,-1,-6,-6,0
2715,20,20,0,-5,-6,1
2716,20,20,0,-5,-5,0
2717,20,20,0,-6,-5,-1
2718,21,20,1,-6,-6,0
2719,20,21,-1,-6,-6,0
2720,20,20,0,-5,-6,1
2721,20,20,0,-5,-5,0
2722,20,20,0,-6,-5,-1
2723,21,20,1,-6,-6,0
2724,20,21,-1,-6,-6,0
2725,20,20,0,-5,-6,1
2726,20,20,0,-5,-5,0
2727,20,20,0,-6,-5,-1
2728,21,20,1,-6,-6,0
2729,20,21,-1,-6,-6,0
2730,20,20,0,-5,-6,1
2731,20,20,0,-5,-5,0
2732,20,20,0,-6,-5,-1
2733,21,20,1,-6,-6,0
2734,20,21,-1,-6,-6,0
2735,20,20,0,-5,-6,1
2736,20,20,0,-5,-5,0
2737,20,20,0,-6,-5,-1
2738,21,20,1,-6,-6,0
2739,20,21,-1,-6,-6,0
2740,20,20,0,-5,-6,1
2741,20,20,0,-5,-5,0
2742,20,20,0,-6,-5,-1
2743,21,20,1,-6,-6,0
2744,20,21,-1,-6,-6,0
2745,20,20,0,-5,-6,1
2746,20,20,0,-5,-5,0
2747,20,20,0,-6,-5,-1
2748,21,20,1,-6,-6,0
2749,20,21,-1,-6,-6,0
2750,20,20,0,-5,-6,1
2751,20,20,0,-5,-5,0
2752,20,20,0,-6,-5,-1
2753,21,20,1,-6,-6,0
2754,20,21,-1,-6,-6,0
2755,20,20,0,-5,-6,1
2756,20,20,0,-5,-5,0
2757,20,20,0,-6,-5,-1
2758,21,20,1,-6,-6,0
2759,20,21,-1,-6,-6,0
2760,20,20,0,-5,-6,1
2761,20,20,0,-5,-5,0
2762,20,20,0,-6,-5,-1
2763,21,20,1,-6,-6,0
2764,20,21,-1,-6,-6,0
2765,20,20,0,-5,-6,1
2766,20,20,0,-5,-5,0
2767,20,20,0,-6,-5,-1
2768,21,20,1,-6,-6,0
2769,20,21,-1,-6,-6,0
2770,20,20,0,-5,-6,1
2771,20,20,0,-5,-5,0
2772,20,20,0,-6,-5,-1
2773,21,20,1,-6,-6,0
2774,20,21,-1,-6,-6,0
2775,20,20,0,-5,-6,1
2776,20,20,0,-5,-5,0
2777,20,20,0,-6,-5,-1
2778,21,20,1,-6,-6,0
2779,20,21,-1,-6,-6,0
2780,20,20,0,-5,-6,1
2781,20,20,0,-5,-5,0
2782,20,20,0,-6,-5,-1
2783,21,20,1,-6,-6,0
2784,20,21,-1,-6,-6,0
2785,20,20,0,-5,-6,1
2786,20,20,0,-5,-5,0
2787,20,20,0,-6,-5,-1
2788,21,20,1,-6,-6,0
2789,20,21,-1,-6,-6,0
2790,20,20,0,-5,-6,1
2791,20,20,0,-5,-5,0
2792,20,20,0,-6,-5,-1
2793,21,20,1,-6,-6,0
2794,20,21,-1,-6,-6,0
2795,20,20,0,-5,-6,1
2796,20,20,0,-5,-5,0
2797,20,20,0,-6,-5,-1
2798,21,20,1,-6,-6,0
2799,20,21,-1,-6,-6,0
2800,20,20,0,-5,-6,1
2801,20,20,0,-5,-5,0
2802,20,20,0,-6,-5,-1
2803,21,20,1,-6,-6,0
2804,20,21,-1,-6,-6,0
2805,20,20,0,-5,-6,1
2806,20,20,0,-5,-5,0
2807,20,20,0,-6,-5,-1
2808,21,20,1,-6,-6,0
2809,20,21,-1,-6,-6,0
2810,20,20,0,-5,-6,1
2811,20,20,0,-5,-5,0
2812,20,20,0,-6,-5,-1
2813,21,20,1,-6,-6,0
2814,20,21,-1,-6,-6,0
2815,20,20,0,-5,-6,1
2816,20,20,0,-5,-5,0
2817,20,20,0,-6,-5,-1
2818,21,20,1,-6,-6,0
2819,20,21,-1,-6,-6,0
2820,20,20,0,-5,-6,1
2821,20,20,0,-5,-5,0
2822,20,20,0,-6,-5,-1
2823,21,20,1,-6,-6,0
2824,20,21,-1,-6,-6,0
2825,20,20,0,-5,-6,1
2826,20,20,0,-5,-5,0
2827,20,20,0,-6,-5,-1
2828,21,20,1,-6,-6,0
2829,20,21,-1,-6,-6,0
2830,20,20,0,-5,-6,1
2831,20,20,0,-5,-5,0
2832,20,20,0,-6,-5,-1
2833,21,20,1,-6,-6,0
2834,20,21,-1,-6,-6,0
2835,20,20,0,-5,-6,1
2836,20,20,0,-5,-5,0
2837,20,20,0,-6,-5,-1
2838,21,20,1,-6,-6,0
2839,20,21,-1,-6,-6,0
2840,20,20,0,-5,-6,1
2841,20,20,0,-5,-5,0
2842,20,20,0,-6,-5,-1
2843,21,20,1,-6,-6,0
2844,20,21,-1,-6,-6,0
2845,20,20,0,-5,-6,1
2846,20,20,0,-5,-5,0
2847,20,20,0,-6,-5,-1
2848,21,20,1,-6,-6,0
2849,20,21,-1,-6,-6,0
2850,20,20,0,-5,-6,1
2851,20,20,0,-5,-5,0
2852,20,20,0,-6,-5,-1
2853,21,20,1,-6,-6,0
2854,20,21,-1,-6,-6,0
2855,20,20,0,-5,-6,1
2856,20,20,0,-5,-5,0
2857,20,20,0,-6,-5,-1
2858,21,20,1,-6,-6,0
2859,20,21,-1,-6,-6,0
2860,20,20,0,-5,-6,1
2861,20,20,0,-5,-5,0
2862,20,20,0,-6,-5,-1
2863,21,20,1,-6,-6,0
2864,20,21,-1,-6,-6,0
2865,20,20,0,-5,-6,1
2866,20,20,0,-5,-5,0
2867,20,20,0,-6,-5,-1
2868,21,20,1,-6,-6,0
2869,20,21,-1,-6,-6,0
2870,20,20,0,-5,-6,1
2871,20,20,0,-5,-5,0
2872,20,20,0,-6,-5,-1
2873,21,20,1,-6,-6,0
2874,20,21,-1,-6,-6,0
2875,20,20,0,-5,-6,1
2876,20,20,0,-5,-5,0
2877,20,20,0,-6,-5,-1
2878,21,20,1,-6,-6,0
2879,20,21,-1,-6,-6,0
2880,20,20,0,-5,-6,1
2881,20,20,0,-5,-5,0
2882,20,20,0,-6,-5,-1
2883,21,20,1,-6,-6,0
2884,20,21,-1,-6,-6,0
2885,20,20,0,-5,-6,1
2886,20,20,0,-5,-5,0
2887,20,20,0,-6,-5,-1
2888,21,20,1,-6,-6,0
2889,20,21,-1,-6,-6,0
2890,20,20,0,-5,-6,1
2891,20,20,0,-5,-5,0
2892,20,20,0,-6,-5,-1
2893,21,20,1,-6,-6,0
2894,20,21,-1,-6,-6,0
2895,20,20,0,-5,-6,1
2896,20,20,0,-5,-5,0
2897,20,20,0,-6,-5,-1
2898,21,20,1,-6,-6,0
2899,20,21,-1,-6,-6,0
2900,20,20,0,-5,-6,1
2901,20,20,0,-5,-5,0
2902,20,20,0,-6,-5,-1
2903,21,20,1,-6,-6,0
2904,20,21,-1,-6,-6,0
2905,20,20,0,-5,-6,1
2906,20,20,0,-5,-5,0
2907,20,20,0,-6,-5,-1
2908,21,20,1,-6,-6,0
2909,20,21,-1,-6,-6,0
2910,20,20,0,-5,-6,1
2911,20,20,0,-5,-5,0
2912,20,20,0,-6,-5,-1
2913,21,20,1,-6,-6,0
2914,20,21,-1,-6,-6,0
2915,20,20,0,-5,-6,1
2916,20,20,0,-5,-5,0
2917,20,20,0,-6,-5,-1
2918,21,20,1,-6,-6,0
2919,20,21,-1,-6,-6,0
2920,20,20,0,-5,-6,1
2921,20,20,0,-5,-5,0
2922,20,20,0,-6,-5,-1
2923,21,20,1,-6,-6,0
2924,20,21,-1,-6,-6,0
2925,20,20,0,-5,-6,1
2926,20,20,0,-5,-5,0
2927,20,20,0,-6,-5,-1
2928,21,20,1,-6,-6,0
2929,20,21,-1,-6,-6,0
2930,20,20,0,-5,-6,1
2931,20,20,0,-5,-5,0
2932,20,20,0,-6,-5,-1
2933,21,20,1,-6,-6,0
2934,20,21,-1,-6,-6,0
2935,20,20,0,-5,-6,1
2936,20,20,0,-5,-5,0
2937,20,20,0,-6,-5,-1
2938,21,20,1,-6,-6,0
2939,20,21,-1,-6,-6,0
2940,20,20,0,-5,-6,1
2941,20,20,0,-5,-5,0
2942,20,20,0,-6,-5,-1
2943,21,20,1,-6,-6,0
2944,20,21,-1,-6,-6,0
2945,20,20,0,-5,-6,1
2946,20,20,0,-5,-5,0
2947,20,20,0,-6,-5,-1
2948,21,20,1,-6,-6,0
2949,20,21,-1,-6,-6,0
2950,20,20,0,-5,-6,1
2951,20,20,0,-5,-5,0
2952,20,20,0,-6,-5,-1
2953,21,20,1,-6,-6,0
2954,20,21,-1,-6,-6,0
2955,20,20,0,-5,-6,1
2956,20,20,0,-5,-5,0
2957,20,20,0,-6,-5,-1
2958,21,20,1,-6,-6,0
2959,20,21,-1,-6,-6,0
2960,20,20,0,-5,-6,1
2961,20,20,0,-5,-5,0
2962,20,20,0,-6,-5,-1
2963,21,20,1,-6,-6,0
2964,20,21,-1,-6,-6,0
2965,20,20,0,-5,-6,1
2966,20,20,0,-5,-5,0
2967,20,20,0,-6,-5,-1
2968,21,20,1,-6,-6,0
2969,20,21,-1,-6,-6,0
2970,20,20,0,-5,-6,1
2971,20,20,0,-5,-5,0
2972,20,20,0,-6,-5,-1
2973,21,20,1,-6,-6,0
2974,20,21,-1,-6,-6,0
2975,20,20,0,-5,-6,1
2976,20,20,0,-5,-5,0
2977,20,20,0,-6,-5,-1
2978,21,20,1,-6,-6,0
2979,20,21,-1,-6,-6,0
2980,20,20,0,-5,-6,1
2981,20,20,0,-5,-5,0
2982,20,20,0,-6,-5,-1
2983,21,20,1,-6,-6,0
2984,20,21,-1,-6,-6,0
2985,20,20,0,-5,-6,1
2986,20,20,0,-5,-5,0
2987,20,20,0,-6,-5,-1
2988,21,20,1,-6,-6,0
2989,20,21,-1,-6,-6,0
2990,20,20,0,-5,-6,1
2991,20,20,0,-5,-5,0
2992,20,20,0,-6,-5,-1
2993,21,20,1,-6,-6,0
2994,20,21,-1,-6,-6,0
2995,20,20,0,-5,-6,1
2996,20,20,0,-5,-5,0
2997,20,20,0,-6,-5,-1
2998,21,20,1,-6,-6,0
2999,20,21,-1,-6,-6,0
3000,20,20,0,-5,-6,1
3001,20,20,0,-5,-5,0
3002,20,20,0,-6,-5,-1
3003,21,20,1,-6,-6,0
3004,20,21,-1,-6,-6,0
3005,20,20,0,-5,-6,1
3006,20,20,0,-5,-5,0
3007,20,20,0,-6,-5,-1
3008,21,20,1,-6,-6,0
3009,20,21,-1,-6,-6,0
3010,20,20,0,-5,-6,1
3011,20,20,0,-5,-5,0
3012,20,20,0,-6,-5,-1
3013,21,20,1,-6,-6,0
3014,20,21,-1,-6,-6,0
3015,20,20,0,-5,-6,1
3016,20,20,0,-5,-5,0
3017,20,20,0,-6,-5,-1
3018,21,20,1,-6,-6,0
3019,20,21,-1,-6,-6,0
3020,20,20,0,-5,-6,1
3021,20,20,0,-5,-5,0
3022,20,20,0,-6,-5,-1
3023,21,20,1,-6,-6,0
3024,20,21,-1,-6,-6,0
3025,20,20,0,-5,-6,1
3026,20,20,0,-5,-5,0
3027,20,20,0,-6,-5,-1
3028,21,20,1,-6,-6,0
3029,20,21,-1,-6,-6,0
3030,20,20,0,-5,-6,1
3031,20,20,0,-5,-5,0
3032,20,20,0,-6,-5,-1
3033,21,20,1,-6,-6,0
3034,20,21,-1,-6,-6,0
3035,20,20,0,-5,-6,1
3036,20,20,0,-5,-5,0
3037,20,20,0,-6,-5,-1
3038,21,20,1,-6,-6,0
3039,20,21,-1,-6,-6,0
3040,20,20,0,-5,-6,1
3041,20,20,0,-5,-5,0
3042,20,20,0,-6,-5,-1
3043,21,20,1,-6,-6,0
3044,20,21,-1,-6,-6,0
3045,20,20,0,-5,-6,1
3046,20,20,0,-5,-5,0
3047,20,20,0,-6,-5,-1
3048,21,20,1,-6,-6,0
3049,20,21,-1,-6,-6,0
3050,20,20,0,-5,-6,1
3051,20,20,0,-5,-5,0
3052,20,20,0,-6,-5,-1
3053,21,20,1,-6,-6,0
3054,20,21,-1,-6,-6,0
3055,20,20,0,-5,-6,1
3056,20,20,0,-5,-5,0
3057,20,20,0,-6,-5,-1
3058,21,20,1,-6,-6,0
3059,20,21,-1,-6,-6,0
3060,20,20,0,-5,-6,1
3061,20,20,0,-5,-5,0
3062,20,20,0,-6,-5,-1
3063,21,20,1,-6,-6,0
3064,20,21,-1,-6,-6,0
3065,20,20,0,-5,-6,1
3066,20,20,0,-5,-5,0
3067,20,20,0,-6,-5,-1
3068,21,20,1,-6,-6,0
3069,20,21,-1,-6,-6,0
3070,20,20,0,-5,-6,1
3071,20,20,0,-5,-5,0
3072,20,20,0,-6,-5,-1
3073,21,20,1,-6,-6,0
3074,20,21,-1,-6,-6,0
3075,20,20,0,-5,-6,1
3076,20,20,0,-5,-5,0
3077,20,20,0,-6,-5,-1
3078,21,20,1,-6,-6,0
3079,20,21,-1,-6,-6,0
3080,20,20,0,-5,-6,1
3081,20,20,0,-5,-5,0
3082,20,20,0,-6,-5,-1
3083,21,20,1,-6,-6,0
3084,20,21,-1,-6,-6,0
3085,20,20,0,-5,-6,1
3086,20,20,0,-5,-5,0
3087,20,20,0,-6,-5,-1
3088,21,20,1,-6,-6,0
3089,20,21,-1,-6,-6,0
3090,20,20,0,-5,-6,1
3091,20,20,0,-5,-5,0
3092,20,20,0,-6,-5,-1
3093,21,20,1,-6,-6,0
3094,20,21,-1,-6,-6,0
3095,20,20,0,-5,-6,1
3096,20,20,0,-5,-5,0
3097,20,20,0,-6,-5,-1
3098,21,20,1,-6,-6,0
3099,20,21,-1,-6,-6,0
3100,20,20,0,-5,-6,1
3101,20,20,0,-5,-5,0
3102,20,20,0,-6,-5,-1
3103,21,20,1,-6,-6,0
3104,20,21,-1,-6,-6,0
3105,20,20,0,-5,-6,1
3106,20,20,0,-5,-5,0
3107,20,20,0,-6,-5,-1
3108,21,20,1,-6,-6,0
3109,20,21,-1,-6,-6,0
3110,20,20,0,-5,-6,1
3111,20,20,0,-5,-5,0
3112,20,20,0,-6,-5,-1
3113,21,20,1,-6,-6,0
3114,20,21,-1,-6,-6,0
3115,20,20,0,-5,-6,1
3116,20,20,0,-5,-5,0
3117,20,20,0,-6,-5,-1
3118,21,20,1,-6,-6,0
3119,20,21,-1,-6,-6,0
3120,20,20,0,-5,-6,1
3121,20,20,0,-5,-5,0
3122,20,20,0,-6,-5,-1
3123,21,20,1,-6,-6,0
3124,20,21,-1,-6,-6,0
3125,20,20,0,-5,-6,1
3126,20,20,0,-5,-5,0
3127,20,20,0,-6,-5,-1
3128,21,20,1,-6,-6,0
3129,20,21,-1,-6,-6,0
3130,20,20,0,-5,-6,1
3131,20,20,0,-5,-5,0
3132,20,20,0,-6,-5,-1
3133,21,20,1,-6,-6,0
3134,20,21,-1,-6,-6,0
3135,20,20,0,-5,-6,1
3136,20,20,0,-5,-5,0
3137,20,20,0,-6,-5,-1
3138,21,20,1,-6,-6,0
3139,20,21,-1,-6,-6,0
3140,20,20,0,-5,-6,1
3141,20,20,0,-5,-5,0
3142,20,20,0,-6,-5,-1
3143,21,20,1,-6,-6,0
3144,20,21,-1,-6,-6,0
3145,20,20,0,-5,-6,1
3146,20,20,0,-5,-5,0
3147,20,20,0,-6,-5,-1
3148,21,20,1,-6,-6,0
3149,20,21,-1,-6,-6,0
3150,20,20,0,-5,-6,1
3151,20,20,0,-5,-5,0
3152,20,20,0,-6,-5,-1
3153,21,20,1,-6,-6,0
3154,20,21,-1,-6,-6,0
3155,20,20,0,-5,-6,1
3156,20,20,0,-5,-5,0
3157,20,20,0,-6,-5,-1
3158,21,20,1,-6,-6,0
3159,20,21,-1,-6,-6,0
3160,20,20,0,-5,-6,1
3161,20,20,0,-5,-5,0
3162,20,20,0,-6,-5,-1
3163,21,20,1,-6,-6,0
3164,20,21,-1,-6,-6,0
3165,20,20,0,-5,-6,1
3166,20,20,0,-5,-5,0
3167,20,20,0,-6,-5,-1
3168,21,20,1,-6,-6,0
3169,20,21,-1,-6,-6,0
3170,20,20,0,-5,-6,1
3171,20,20,0,-5,-5,0
3172,20,20,0,-6,-5,-1
3173,21,20,1,-6,-6,0
3174,20,21,-1,-6,-6,0
3175,20,20,0,-5,-6,1
3176,20,20,0,-5,-5,0
3177,20,20,0,-6,-5,-1
3178,21,20,1,-6,-6,0
3179,20,21,-1,-6,-6,0
3180,20,20,0,-5,-6,1
3181,20,20,0,-5,-5,0
3182,20,20,0,-6,-5,-1
3183,21,20,1,-6,-6,0
3184,20,21,-1,-6,-6,0
3185,20,20,0,-5,-6,1
3186,20,20,0,-5,-5,0
3187,20,20,0,-6,-5,-1
3188,21,20,1,-6,-6,0
3189,20,21,-1,-6,-6,0
3190,20,20,0,-5,-6,1
3191,20,20,0,-5,-5,0
3192,20,20,0,-6,-5,-1
3193,21,20,1,-6,-6,0
3194,20,21,-1,-6,-6,0
3195,20,20,0,-5,-6,1
3196,20,20,0,-5,-5,0
3197,20,20,0,-6,-5,-1
3198,21,20,1,-6,-6,0
3199,20,21,-1,-6,-6,0
3200,20,20,0,-5,-6,1
3201,20,20,0,-5,-5,0
3202,20,20,0,-6,-5,-1
3203,21,20,1,-6,-6,0
3204,20,21,-1,-6,-6,0
3205,20,20,0,-5,-6,1
3206,20,20,0,-5,-5,0
3207,20,20,0,-6,-5,-1
3208,21,20,1,-6,-6,0
3209,20,21,-1,-6,-6,0
3210,20,20,0,-5,-6,1
3211,20,20,0,-5,-5,0
3212,20,20,0,-6,-5,-1
3213,21,20,1,-6,-6,0
3214,20,21,-1,-6,-6,0
3215,20,20,0,-5,-6,1
3216,20,20,0,-5,-5,0
3217,20,20,0,-6,-5,-1
3218,21,20,1,-6,-6,0
3219,20,21,-1,-6,-6,0
3220,20,20,0,-5,-6,1
3221,20,20,0,-5,-5,0
3222,20,20,0,-6,-5,-1
3223,21,20,1,-6,-6,0
3224,20,21,-1,-6,-6,0
3225,20,20,0,-5,-6,1
3226,20,20,0,-5,-5,0
3227,20,20,0,-6,-5,-1
3228,21,20,1,-6,-6,0
3229,20,21,-1,-6,-6,0
3230,20,20,0,-5,-6,1
3231,20,20,0,-5,-5,0
3232,20,20,0,-6,-5,-1
3233,21,20,1,-6,-6,0
3234,20,21,-1,-6,-6,0
3235,20,20,0,-5,-6,1
3236,20,20,0,-5,-5,0
3237,20,20,0,-6,-5,-1
3238,21,20,1,-6,-6,0
3239,20,21,-1,-6,-6,0
3240,20,20,0,-5,-6,1
3241,20,20,0,-5,-5,0
3242,20,20,0,-6,-5,-1
3243,21,20,1,-6,-6,0
3244,20,21,-1,-6,-6,0
3245,20,20,0,-5,-6,1
3246,20,20,0,-5,-5,0
3247,20,20,0,-6,-5,-1
3248,21,20,1,-6,-6,0
3249,20,21,-1,-6,-6,0
3250,20,20,0,-5,-6,1
3251,20,20,0,-5,-5,0
3252,20,20,0,-6,-5,-1
3253,21,20,1,-6,-6,0
3254,20,21,-1,-6,-6,0
3255,20,20,0,-5,-6,1
3256,20,20,0,-5,-5,0
3257,20,20,0,-6,-5,-1
3258,21,20,1,-6,-6,0
3259,20,21,-1,-6,-6,0
3260,20,20,0,-5,-6,1
3261,20,20,0,-5,-5,0
3262,20,20,0,-6,-5,-1
3263,21,20,1,-6,-6,0
3264,20,21,-1,-6,-6,0
3265,20,20,0,-5,-6,1
3266,20,20,0,-5,-5,0
3267,20,20,0,-6,-5,-1
3268,21,20,1,-6,-6,0
3269,20,21,-1,-6,-6,0
3270,20,20,0,-5,-6,1
3271,20,20,0,-5,-5,0
3272,20,20,0,-6,-5,-1
3273,21,20,1,-6,-6,0
3274,20,21,-1,-6,-6,0
3275,20,20,0,-5,-6,1
3276,20,20,0,-5,-5,0
3277,20,20,0,-6,-5,-1
3278,21,20,1,-6,-6,0
3279,20,21,-1,-6,-6,0
3280,20,20,0,-5,-6,1
3281,20,20,0,-5,-5,0
3282,20,20,0,-6,-5,-1
3283,21,20,1,-6,-6,0
3284,20,21,-1,-6,-6,0
3285,20,20,0,-5,-6,1
3286,20,20,0,-5,-5,0
3287,20,20,0,-6,-5,-1
3288,21,20,1,-6,-6,0
3289,20,21,-1,-6,-6,0
3290,20,20,0,-5,-6,1
3291,20,20,0,-5,-5,0
3292,20,20,0,-6,-5,-1
3293,21,20,1,-6,-6,0
3294,20,21,-1,-6,-6,0
3295,20,20,0,-5,-6,1
3296,20,20,0,-5,-5,0
3297,20,20,0,-6,-5,-1
3298,21,20,1,-6,-6,0
3299,20,21,-1,-6,-6,0
3300,20,20,0,-5,-6,1
3301,20,20,0,-5,-5,0
3302,20,20,0,-6,-5,-1
3303,21,20,1,-6,-6,0
3304,20,21,-1,-6,-6,0
3305,20,20,0,-5,-6,1
3306,20,20,0,-5,-5,0
3307,20,20,0,-6,-5,-1
3308,21,20,1,-6,-6,0
3309,20,21,-1,-6,-6,0
3310,20,20,0,-5,-6,1
3311,20,20,0,-5,-5,0
3312,20,20,0,-6,-5,-1
3313,21,20,1,-6,-6,0
3314,20,21,-1,-6,-6,0
3315,20,20,0,-5,-6,1
3316,20,20,0,-5,-5,0
3317,20,20,0,-6,-5,-1
3318,21,20,1,-6,-6,0
3319,20,21,-1,-6,-6,0
3320,20,20,0,-5,-6,1
3321,20,20,0,-5,-5,0
3322,20,20,0,-6,-5,-1
3323,21,20,1,-6,-6,0
3324,20,21,-1,-6,-6,0
3325,20,20,0,-5,-6,1
3326,20,20,0,-5,-5,0
3327,20,20,0,-6,-5,-1
3328,21,20,1,-6,-6,0
3329,20,21,-1,-6,-6,0
3330,20,20,0,-5,-6,1
3331,20,20,0,-5,-5,0
3332,20,20,0,-6,-5,-1
3333,21,20,1,-6,-6,0
3334,20,21,-1,-6,-6,0
3335,20,20,0,-5,-6,1
3336,20,20,0,-5,-5,0
3337,20,20,0,-6,-5,-1
3338,21,20,1,-6,-6,0
3339,20,21,-1,-6,-6,0
3340,20,20,0,-5,-6,1
3341,20,20,0,-5,-5,0
3342,20,20,0,-6,-5,-1
3343,21,20,1,-6,-6,0
3344,20,21,-1,-6,-6,0
3345,20,20,0,-5,-6,1
3346,20,20,0,-5,-5,0
3347,20,20,0,-6,-5,-1
3348,21,20,1,-6,-6,0
3349,20,21,-1,-6,-6,0
3350,20,20,0,-5,-6,1
3351,20,20,0,-5,-5,0
3352,20,20,0,-6,-5,-1
3353,21,20,1,-6,-6,0
3354,20,21,-1,-6,-6,0
3355,20,20,0,-5,-6,1
3356,20,20,0,-5,-5,0
3357,20,20,0,-6,-5,-1
3358,21,20,1,-6,-6,0
3359,20,21,-1,-6,-6,0
3360,20,20,0,-5,-6,1
3361,20,20,0,-5,-5,0
3362,20,20,0,-6,-5,-1
3363,21,20,1,-6,-6,0
3364,20,21,-1,-6,-6,0
3365,20,20,0,-5,-6,1
3366,20,20,0,-5,-5,0
3367,20,20,0,-6,-5,-1
3368,21,20,1,-6,-6,0
3369,20,21,-1,-6,-6,0
3370,20,20,0,-5,-6,1
3371,20,20,0,-5,-5,0
3372,20,20,0,-6,-5,-1
3373,21,20,1,-6,-6,0
3374,20,21,-1,-6,-6,0
3375,20,20,0,-5,-6,1
3376,20,20,0,-5,-5,0
3377,20,20,0,-6,-5,-1
3378,21,20,1,-6,-6,0
3379,20,21,-1,-6,-6,0
3380,20,20,0,-5,-6,1
3381,20,20,0,-5,-5,0
3382,20,20,0,-6,-5,-1
3383,21,20,1,-6,-6,0
3384,20,21,-1,-6,-6,0
3385,20,20,0,-5,-6,1
3386,20,20,0,-5,-5,0
3387,20,20,0,-6,-5,-1
3388,21,20,1,-6,-6,0
3389,20,21,-1,-6,-6,0
3390,20,20,0,-5,-6,1
3391,20,20,0,-5,-5,0
3392,20,20,0,-6,-5,-1
3393,21,20,1,-6,-6,0
3394,20,21,-1,-6,-6,0
3395,20,20,0,-5,-6,1
3396,20,20,0,-5,-5,0
3397,20,20,0,-6,-5,-1
3398,21,20,1,-6,-6,0
3399,20,21,-1,-6,-6,0
3400,20,20,0,-5,-6,1
3401,20,20,0,-5,-5,0
3402,20,20,0,-6,-5,-1
3403,21,20,1,-6,-6,0
3404,20,21,-1,-6,-6,0
3405,20,20,0,-5,-6,1
3406,20,20,0,-5,-5,0
3407,20,20,0,-6,-5,-1
3408,21,20,1,-6,-6,0
3409,20,21,-1,-6,-6,0
3410,20,20,0,-5,-6,1
3411,20,20,0,-5,-5,0
3412,20,20,0,-6,-5,-1
3413,21,20,1,-6,-6,0
3414,20,21,-1,-6,-6,0
3415,20,20,0,-5,-6,1
3416,20,20,0,-5,-5,0
3417,20,20,0,-6,-5,-1
3418,21,20,1,-6,-6,0
3419,20,21,-1,-6,-6,0
3420,20,20,0,-5,-6,1
3421,20,20,0,-5,-5,0
3422,20,20,0,-6,-5,-1
3423,21,20,1,-6,-6,0
3424,20,21,-1,-6,-6,0
3425,20,20,0,-5,-6,1
3426,20,20,0,-5,-5,0
3427,20,20,0,-6,-5,-1
3428,21,20,1,-6,-6,0
3429,20,21,-1,-6,-6,0
3430,20,20,0,-5,-6,1
3431,20,20,0,-5,-5,0
3432,20,20,0,-6,-5,-1
3433,21,20,1,-6,-6,0
3434,20,21,-1,-6,-6,0
3435,20,20,0,-5,-6,1
3436,20,20,0,-5,-5,0
3437,20,20,0,-6,-5,-1
3438,21,20,1,-6,-6,0
3439,20,21,-1,-6,-6,0
3440,20,20,0,-5,-6,1
3441,20,20,0,-5,-5,0
3442,20,20,0,-6,-5,-1
3443,21,20,1,-6,-6,0
3444,20,21,-1,-6,-6,0
3445,20,20,0,-5,-6,1
3446,20,20,0,-5,-5,0
3447,20,20,0,-6,-5,-1
3448,21,20,1,-6,-6,0
3449,20,21,-1,-6,-6,0
3450,20,20,0,-5,-6,1
3451,20,20,0,-5,-5,0
3452,20,20,0,-6,-5,-1
3453,21,20,1,-6,-6,0
3454,20,21,-1,-6,-6,0
3455,20,20,0,-5,-6,1
3456,20,20,0,-5,-5,0
3457,20,20,0,-6,-5,-1
3458,21,20,1,-6,-6,0
3459,20,21,-1,-6,-6,0
3460,20,20,0,-5,-6,1
3461,20,20,0,-5,-5,0
3462,20,20,0,-6,-5,-1
3463,21,20,1,-6,-6,0
3464,20,21,-1,-6,-6,0
3465,20,20,0,-5,-6,1
3466,20,20,0,-5,-5,0
3467,20,20,0,-6,-5,-1
3468,21,20,1,-6,-6,0
3469,20,21,-1,-6,-6,0
3470,20,20,0,-5,-6,1
3471,20,20,0,-5,-5,0
3472,20,20,0,-6,-5,-1
3473,21,20,1,-6,-6,0
3474,20,21,-1,-6,-6,0
3475,20,20,0,-5,-6,1
3476,20,20,0,-5,-5,0
3477,20,20,0,-6,-5,-1
3478,21,20,1,-6,-6,0
3479,20,21,-1,-6,-6,0
3480,20,20,0,-5,-6,1
3481,20,20,0,-5,-5,0
3482,20,20,0,-6,-5,-1
3483,21,20,1,-6,-6,0
3484,20,21,-1,-6,-6,0
3485,20,20,0,-5,-6,1
3486,20,20,0,-5,-5,0
3487,20,20,0,-6,-5,-1
3488,21,20,1,-6,-6,0
3489,20,21,-1,-6,-6,0
3490,20,20,0,-5,-6,1
3491,20,20,0,-5,-5,0
3492,20,20,0,-6,-5,-1
3493,21,20,1,-6,-6,0
3494,20,21,-1,-6,-6,0
3495,20,20,0,-5,-6,1
3496,20,20,0,-5,-5,0
3497,20,20,0,-6,-5,-1
3498,21,20,1,-6,-6,0
3499,20,21,-1,-6,-6,0
3500,20,20,0,-5,-6,1
3501,20,20,0,-5,-5,0
3502,20,20,0,-6,-5,-1
3503,21,20,1,-6,-6,0
3504,20,21,-1,-6,-6,0
3505,20,20,0,-5,-6,1
3506,20,20,0,-5,-5,0
3507,20,20,0,-6,-5,-1
3508,21,20,1,-6,-6,0
3509,20,21,-1,-6,-6,0
3510,20,20,0,-5,-6,1
3511,20,20,0,-5,-5,0
3512,20,20,0,-6,-5,-1
3513,21,20,1,-6,-6,0
3514,20,21,-1,-6,-6,0
3515,20,20,0,-5,-6,1
3516,20,20,0,-5,-5,0
3517,20,20,0,-6,-5,-1
3518,21,20,1,-6,-6,0
3519,20,21,-1,-6,-6,0
3520,20,20,0,-5,-6,1
3521,20,20,0,-5,-5,0
3522,20,20,0,-6,-5,-1
3523,21,20,1,-6,-6,0
3524,20,21,-1,-6,-6,0
3525,20,20,0,-5,-6,1
3526,20,20,0,-5,-5,0
3527,20,20,0,-6,-5,-1
3528,21,20,1,-6,-6,0
3529,20,21,-1,-6,-6,0
3530,20,20,0,-5,-6,1
3531,20,20,0,-5,-5,0
3532,20,20,0,-6,-5,-1
3533,21,20,1,-6,-6,0
3534,20,21,-1,-6,-6,0
3535,20,20,0,-5,-6,1
3536,20,20,0,-5,-5,0
3537,20,20,0,-6,-5,-1
3538,21,20,1,-6,-6,0
3539,20,21,-1,-6,-6,0
3540,20,20,0,-5,-6,1
3541,20,20,0,-5,-5,0
3542,20,20,0,-6,-5,-1
3543,21,20,1,-6,-6,0
3544,20,21,-1,-6,-6,0
3545,20,20,0,-5,-6,1
3546,20,20,0,-5,-5,0
3547,20,20,0,-6,-5,-1
3548,21,20,1,-6,-6,0
3549,20,21,-1,-6,-6,0
3550,20,20,0,-5,-6,1
3551,20,20,0,-5,-5,0
3552,20,20,0,-6,-5,-1
3553,21,20,1,-6,-6,0
3554,20,21,-1,-6,-6,0
3555,20,20,0,-5,-6,1
3556,20,20,0,-5,-5,0
3557,20,20,0,-6,-5,-1
3558,21,20,1,-6,-6,0
3559,20,21,-1,-6,-6,0
3560,20,20,0,-5,-6,1
3561,20,20,0,-5,-5,0
3562,20,20,0,-6,-5,-1
3563,21,20,1,-6,-6,0
3564,20,21,-1,-6,-6,0
3565,20,20,0,-5,-6,1
3566,20,20,0,-5,-5,0
3567,20,20,0,-6,-5,-1
3568,21,20,1,-6,-6,0
3569,20,21,-1,-6,-6,0
3570,20,20,0,-5,-6,1
3571,20,20,0,-5,-5,0
3572,20,20,0,-6,-5,-1
3573,21,20,1,-6,-6,0
3574,20,21,-1,-6,-6,0
3575,20,20,0,-5,-6,1
3576,20,20,0,-5,-5,0
3577,20,20,0,-6,-5,-1
3578,21,20,1,-6,-6,0
3579,20,21,-1,-6,-6,0
3580,20,20,0,-5,-6,1
3581,20,20,0,-5,-5,0
3582,20,20,0,-6,-5,-1
3583,21,20,1,-6,-6,0
3584,20,21,-1,-6,-6,0
3585,20,20,0,-5,-6,1
3586,20,20,0,-5,-5,0
3587,20,20,0,-6,-5,-1
3588,21,20,1,-6,-6,0
3589,20,21,-1,-6,-6,0
3590,20,20,0,-5,-6,1
3591,20,20,0,-5,-5,0
3592,20,20,0,-6,-5,-1
3593,21,20,1,-6,-6,0
3594,20,21,-1,-6,-6,0
3595,20,20,0,-5,-6,1
3596,20,20,0,-5,-5,0
3597,20,20,0,-6,-5,-1
3598,21,20,1,-6,-6,0
3599,20,21,-1,-6,-6,0
3600,20,20,0,-5,-6,1
3601,20,20,0,-5,-5,0
3602,20,20,0,-6,-5,-1
3603,21,20,1,-6,-6,0
3604,20,21,-1,-6,-6,0
3605,20,20,0,-5,-6,1
3606,20,20,0,-5,-5,0
3607,20,20,0,-6,-5,-1
3608,21,20,1,-6,-6,0
3609,20,21,-1,-6,-6,0
3610,20,20,0,-5,-6,1
3611,20,20,0,-5,-5,0
3612,20,20,0,-6,-5,-1
3613,21,20,1,-6,-6,0
3614,20,21,-1,-6,-6,0
3615,20,20,0,-5,-6,1
3616,20,20,0,-5,-5,0
3617,20,20,0,-6,-5,-1
3618,21,20,1,-6,-6,0
3619,20,21,-1,-6,-6,0
3620,20,20,0,-5,-6,1
3621,20,20,0,-5,-5,0
3622,20,20,0,-6,-5,-1
3623,21,20,1,-6,-6,0
3624,20,21,-1,-6,-6,0
3625,20,20,0,-5,-6,1
3626,20,20,0,-5,-5,0
3627,20,20,0,-6,-5,-1
3628,21,20,1,-6,-6,0
3629,20,21,-1,-6,-6,0
3630,20,20,0,-5,-6,1
3631,20,20,0,-5,-5,0
3632,20,20,0,-6,-5,-1
3633,21,20,1,-6,-6,0
3634,20,21,-1,-6,-6,0
3635,20,20,0,-5,-6,1
3636,20,20,0,-5,-5,0
3637,20,20,0,-6,-5,-1
3638,21,20,1,-6,-6,0
3639,20,21,-1,-6,-6,0
3640,20,20,0,-5,-6,1
3641,20,20,0,-5,-5,0
3642,20,20,0,-6,-5,-1
3643,21,20,1,-6,-6,0
3644,20,21,-1,-6,-6,0
3645,20,20,0,-5,-6,1
3646,20,20,0,-5,-5,0
3647,20,20,0,-6,-5,-1
3648,21,20,1,-6,-6,0
3649,20,21,-1,-6,-6,0
3650,20,20,0,-5,-6,1
3651,20,20,0,-5,-5,0
3652,20,20,0,-6,-5,-1
3653,21,20,1,-6,-6,0
3654,20,21,-1,-6,-6,0
3655,20,20,0,-5,-6,1
3656,20,20,0,-5,-5,0
3657,20,20,0,-6,-5,-1
3658,21,20,1,-6,-6,0
3659,20,21,-1,-6,-6,0
3660,20,20,0,-5,-6,1
3661,20,20,0,-5,-5,0
3662,20,20,0,-6,-5,-1
3663,21,20,1,-6,-6,0
3664,20,21,-1,-6,-6,0
3665,20,20,0,-5,-6,1
3666,20,20,0,-5,-5,0
3667,20,20,0,-6,-5,-1
3668,21,20,1,-6,-6,0
3669,20,21,-1,-6,-6,0
3670,20,20,0,-5,-6,1
3671,20,20,0,-5,-5,0
3672,20,20,0,-6,-5,-1
3673,21,20,1,-6,-6,0
3674,20,21,-1,-6,-6,0
3675,20,20,0,-5,-6,1
3676,20,20,0,-5,-5,0
3677,20,20,0,-6,-5,-1
3678,21,20,1,-6,-6,0
3679,20,21,-1,-6,-6,0
3680,20,20,0,-5,-6,1
3681,20,20,0,-5,-5,0
3682,20,20,0,-6,-5,-1
3683,21,20,1,-6,-6,0
3684,20,21,-1,-6,-6,0
3685,20,20,0,-5,-6,1
3686,20,20,0,-5,-5,0
3687,20,20,0,-6,-5,-1
3688,21,20,1,-6,-6,0
3689,20,21,-1,-6,-6,0
3690,20,20,0,-5,-6,1
3691,20,20,0,-5,-5,0
3692,20,20,0,-6,-5,-1
3693,21,20,1,-6,-6,0
3694,20,21,-1,-6,-6,0
3695,20,20,0,-5,-6,1
3696,20,20,0,-5,-5,0
3697,20,20,0,-6,-5,-1
3698,21,20,1,-6,-6,0
3699,20,21,-1,-6,-6,0
3700,20,20,0,-5,-6,1
3701,20,20,0,-5,-5,0
3702,20,20,0,-6,-5,-1
3703,21,20,1,-6,-6,0
3704,20,21,-1,-6,-6,0
3705,20,20,0,-5,-6,1
3706,20,20,0,-5,-5,0
3707,20,20,0,-6,-5,-1
3708,21,20,1,-6,-6,0
3709,20,21,-1,-6,-6,0
3710,20,20,0,-5,-6,1
3711,20,20,0,-5,-5,0
3712,20,20,0,-6,-5,-1
3713,21,20,1,-6,-6,0
3714,20,21,-1,-6,-6,0
3715,20,20,0,-5,-6,1
3716,20,20,0,-5,-5,0
3717,20,20,0,-6,-5,-1
3718,21,20,1,-6,-6,0
3719,20,21,-1,-6,-6,0
3720,20,20,0,-5,-6,1
3721,20,20,0,-5,-5,0
3722,20,20,0,-6,-5,-1
3723,21,20,1,-6,-6,0
3724,20,21,-1,-6,-6,0
3725,20,20,0,-5,-6,1
3726,20,20,0,-5,-5,0
3727,20,20,0,-6,-5,-1
3728,21,20,1,-6,-6,0
3729,20,21,-1,-6,-6,0
3730,20,20,0,-5,-6,1
3731,20,20,0,-5,-5,0
3732,20,20,0,-6,-5,-1
3733,21,20,1,-6,-6,0
3734,20,21,-1,-6,-6,0
3735,20,20,0,-5,-6,1
3736,20,20,0,-5,-5,0
3737,20,20,0,-6,-5,-1
3738,21,20,1,-6,-6,0
3739,20,21,-1,-6,-6,0
3740,20,20,0,-5,-6,1
3741,20,20,0,-5,-5,0
3742,20,20,0,-6,-5,-1
3743,21,20,1,-6,-6,0
3744,20,21,-1,-6,-6,0
3745,20,20,0,-5,-6,1
3746,20,20,0,-5,-5,0
3747,20,20,0,-6,-5,-1
3748,21,20,1,-6,-6,0
3749,20,21,-1,-6,-6,0
3750,20,20,0,-5,-6,1
3751,20,20,0,-5,-5,0
3752,20,20,0,-6,-5,-1
3753,21,20,1,-6,-6,0
3754,20,21,-1,-6,-6,0
3755,20,20,0,-5,-6,1
3756,20,20,0,-5,-5,0
3757,20,20,0,-6,-5,-1
3758,21,20,1,-6,-6,0
3759,20,21,-1,-6,-6,0
3760,20,20,0,-5,-6,1
3761,20,20,0,-5,-5,0
3762,20,20,0,-6,-5,-1
3763,21,20,1,-6,-6,0
3764,20,21,-1,-6,-6,0
3765,20,20,0,-5,-6,1
3766,20,20,0,-5,-5,0
3767,20,20,0,-6,-5,-1
3768,21,20,1,-6,-6,0
3769,20,21,-1,-6,-6,0
3770,20,20,0,-5,-6,1
3771,20,20,0,-5,-5,0
3772,20,20,0,-6,-5,-1
3773,21,20,1,-6,-6,0
3774,20,21,-1,-6,-6,0
3775,20,20,0,-5,-6,1
3776,20,20,0,-5,-5,0
3777,20,20,0,-6,-5,-1
3778,21,20,1,-6,-6,0
3779,20,21,-1,-6,-6,0
3780,20,20,0,-5,-6,1
3781,20,20,0,-5,-5,0
3782,20,20,0,-6,-5,-1
3783,21,20,1,-6,-6,0
3784,20,21,-1,-6,-6,0
3785,20,20,0,-5,-6,1
3786,20,20,0,-5,-5,0
3787,20,20,0,-6,-5,-1
3788,21,20,1,-6,-6,0
3789,20,21,-1,-6,-6,0
3790,20,20,0,-5,-6,1
3791,20,20,0,-5,-5,0
3792,20,20,0,-6,-5,-1
3793,21,20,1,-6,-6,0
3794,20,21,-1,-6,-6,0
3795,20,20,0,-5,-6,1
3796,20,20,0,-5,-5,0
3797,20,20,0,-6,-5,-1
3798,21,20,1,-6,-6,0
3799,20,21,-1,-6,-6,0
3800,20,20,0,-5,-6,1
3801,20,20,0,-5,-5,0
3802,20,20,0,-6,-5,-1
3803,21,20,1,-6,-6,0
3804,20,21,-1,-6,-6,0
3805,20,20,0,-5,-6,1
3806,20,20,0,-5,-5,0
3807,20,20,0,-6,-5,-1
3808,21,20,1,-6,-6,0
3809,20,21,-1,-6,-6,0
3810,20,20,0,-5,-6,1
3811,20,20,0,-5,-5,0
3812,20,20,0,-6,-5,-1
3813,21,20,1,-6,-6,0
3814,20,21,-1,-6,-6,0
3815,20,20,0,-5,-6,1
3816,20,20,0,-5,-5,0
3817,20,20,0,-6,-5,-1
3818,21,20,1,-6,-6,0
3819,20,21,-1,-6,-6,0
3820,20,20,0,-5,-6,1
3821,20,20,0,-5,-5,0
3822,20,20,0,-6,-5,-1
3823,21,20,1,-6,-6,0
3824,20,21,-1,-6,-6,0
3825,20,20,0,-5,-6,1
3826,20,20,0,-5,-5,0
3827,20,20,0,-6,-5,-1
3828,21,20,1,-6,-6,0
3829,20,21,-1,-6,-6,0
3830,20,20,0,-5,-6,1
3831,20,20,0,-5,-5,0
3832,20,20,0,-6,-5,-1
3833,21,20,1,-6,-6,0
3834,20,21,-1,-6,-6,0
3835,20,20,0,-5,-6,1
3836,20,20,0,-5,-5,0
3837,20,20,0,-6,-5,-1
3838,21,20,1,-6,-6,0
3839,20,21,-1,-6,-6,0
3840,20,20,0,-5,-6,1
3841,20,20,0,-5,-5,0
3842,20,20,0,-6,-5,-1
3843,21,20,1,-6,-6,0
3844,20,21,-1,-6,-6,0
3845,20,20,0,-5,-6,1
3846,20,20,0,-5,-5,0
3847,20,20,0,-6,-5,-1
3848,21,20,1,-6,-6,0
3849,20,21,-1,-6,-6,0
3850,20,20,0,-5,-6,1
3851,20,20,0,-5,-5,0
3852,20,20,0,-6,-5,-1
3853,21,20,1,-6,-6,0
3854,20,21,-1,-6,-6,0
3855,20,20,0,-5,-6,1
3856,20,20,0,-5,-5,0
3857,20,20,0,-6,-5,-1
3858,21,20,1,-6,-6,0
3859,20,21,-1,-6,-6,0
3860,20,20,0,-5,-6,1
3861,20,20,0,-5,-5,0
3862,20,20,0,-6,-5,-1
3863,21,20,1,-6,-6,0
3864,20,21,-1,-6,-6,0
3865,20,20,0,-5,-6,1
3866,20,20,0,-5,-5,0
3867,20,20,0,-6,-5,-1
3868,21,20,1,-6,-6,0
3869,20,21,-1,-6,-6,0
3870,20,20,0,-5,-6,1
3871,20,20,0,-5,-5,0
3872,20,20,0,-6,-5,-1
3873,21,20,1,-6,-6,0
3874,20,21,-1,-6,-6,0
3875,20,20,0,-5,-6,1
3876,20,20,0,-5,-5,0
3877,20,20,0,-6,-5,-1
3878,21,20,1,-6,-6,0
3879,20,21,-1,-6,-6,0
3880,20,20,0,-5,-6,1
3881,20,20,0,-5,-5,0
3882,20,20,0,-6,-5,-1
3883,21,20,1,-6,-6,0
3884,20,21,-1,-6,-6,0
3885,20,20,0,-5,-6,1
3886,20,20,0,-5,-5,0
3887,20,20,0,-6,-5,-1
3888,21,20,1,-6,-6,0
3889,20,21,-1,-6,-6,0
3890,20,20,0,-5,-6,1
3891,20,20,0,-5,-5,0
3892,20,20,0,-6,-5,-1
3893,21,20,1,-6,-6,0
3894,20,21,-1,-6,-6,0
3895,20,20,0,-5,-6,1
3896,20,20,0,-5,-5,0
3897,20,20,0,-6,-5,-1
3898,21,20,1,-6,-6,0
3899,20,21,-1,-6,-6,0
3900,20,20,0,-5,-6,1
3901,20,20,0,-5,-5,0
3902,20,20,0,-6,-5,-1
3903,21,20,1,-6,-6,0
3904,20,21,-1,-6,-6,0
3905,20,20,0,-5,-6,1
3906,20,20,0,-5,-5,0
3907,20,20,0,-6,-5,-1
3908,21,20,1,-6,-6,0
3909,20,21,-1,-6,-6,0
3910,20,20,0,-5,-6,1
3911,20,20,0,-5,-5,0
3912,20,20,0,-6,-5,-1
3913,21,20,1,-6,-6,0
3914,20,21,-1,-6,-6,0
3915,20,20,0,-5,-6,1
3916,20,20,0,-5,-5,0
3917,20,20,0,-6,-5,-1
3918,21,20,1,-6,-6,0
3919,20,21,-1,-6,-6,0
3920,20,20,0,-5,-6,1
3921,20,20,0,-5,-5,0
3922,20,20,0,-6,-5,-1
3923,21,20,1,-6,-6,0
3924,20,21,-1,-6,-6,0
3925,20,20,0,-5,-6,1
3926,20,20,0,-5,-5,0
3927,20,20,0,-6,-5,-1
3928,21,20,1,-6,-6,0
3929,20,21,-1,-6,-6,0
3930,20,20,0,-5,-6,1
3931,20,20,0,-5,-5,0
3932,20,20,0,-6,-5,-1
3933,21,20,1,-6,-6,0
3934,20,21,-1,-6,-6,0
3935,20,20,0,-5,-6,1
3936,20,20,0,-5,-5,0
3937,20,20,0,-6,-5,-1
3938,21,20,1,-6,-6,0
3939,20,21,-1,-6,-6,0
3940,20,20,0,-5,-6,1
3941,20,20,0,-5,-5,0
3942,20,20,0,-6,-5,-1
3943,21,20,1,-6,-6,0
3944,20,21,-1,-6,-6,0
3945,20,20,0,-5,-6,1
3946,20,20,0,-5,-5,0
3947,20,20,0,-6,-5,-1
3948,21,20,1,-6,-6,0
3949,20,21,-1,-6,-6,0
3950,20,20,0,-5,-6,1
3951,20,20,0,-5,-5,0
3952,20,20,0,-6,-5,-1
3953,21,20,1,-6,-6,0
3954,20,21,-1,-6,-6,0
3955,20,20,0,-5,-6,1
3956,20,20,0,-5,-5,0
3957,20,20,0,-6,-5,-1
3958,21,20,1,-6,-6,0
3959,20,21,-1,-6,-6,0
3960,20,20,0,-5,-6,1
3961,20,20,0,-5,-5,0
3962,20,20,0,-6,-5,-1
3963,21,20,1,-6,-6,0
3964,20,21,-1,-6,-6,0
3965,20,20,0,-5,-6,1
3966,20,20,0,-5,-5,0
3967,20,20,0,-6,-5,-1
3968,21,20,1,-6,-6,0
3969,20,21,-1,-6,-6,0
3970,20,20,0,-5,-6,1
3971,20,20,0,-5,-5,0
3972,20,20,0,-6,-5,-1
3973,21,20,1,-6,-6,0
3974,20,21,-1,-6,-6,0
3975,20,20,0,-5,-6,1
3976,20,20,0,-5,-5,0
3977,20,20,0,-6,-5,-1
3978,21,20,1,-6,-6,0
3979,20,21,-1,-6,-6,0
3980,20,20,0,-5,-6,1
3981,20,20,0,-5,-5,0
3982,20,20,0,-6,-5,-1
3983,21,20,1,-6,-6,0
3984,20,21,-1,-6,-6,0
3985,20,20,0,-5,-6,1
3986,20,20,0,-5,-5,0
3987,20,20,0,-6,-5,-1
3988,21,20,1,-6,-6,0
3989,20,21,-1,-6,-6,0
3990,20,20,0,-5,-6,1
3991,20,20,0,-5,-5,0
3992,20,20,0,-6,-5,-1
3993,21,20,1,-6,-6,0
3994,20,21,-1,-6,-6,0
3995,20,20,0,-5,-6,1
3996,20,20,0,-5,-5,0
3997,20,20,0,-6,-5,-1
3998,21,20,1,-6,-6,0
3999,20,21,-1,-6,-6,0
4000,20,20,0,-5,-6,1
4001,20,20,0,-5,-5,0
4002,20,20,0,-6,-5,-1
4003,21,20,1,-6,-6,0
4004,20,21,-1,-6,-6,0
4005,20,20,0,-5,-6,1
4006,20,20,0,-5,-5,0
4007,20,20,0,-6,-5,-1
4008,21,20,1,-6,-6,0
4009,20,21,-1,-6,-6,0
4010,20,20,0,-5,-6,1
4011,20,20,0,-5,-5,0
4012,20,20,0,-6,-5,-1
4013,21,20,1,-6,-6,0
4014,20,21,-1,-6,-6,0
4015,20,20,0,-5,-6,1
4016,20,20,0,-5,-5,0
4017,20,20,0,-6,-5,-1
4018,21,20,1,-6,-6,0
4019,20,21,-1,-6,-6,0
4020,20,20,0,-5,-6,1
4021,20,20,0,-5,-5,0
4022,20,20,0,-6,-5,-1
4023,21,20,1,-6,-6,0
4024,20,21,-1,-6,-6,0
4025,20,20,0,-5,-6,1
4026,20,20,0,-5,-5,0
4027,20,20,0,-6,-5,-1
4028,21,20,1,-6,-6,0
4029,20,21,-1,-6,-6,0
4030,20,20,0,-5,-6,1
4031,20,20,0,-5,-5,0
4032,20,20,0,-6,-5,-1
4033,21,20,1,-6,-6,0
4034,20,21,-1,-6,-6,0
4035,20,20,0,-5,-6,1
4036,20,20,0,-5,-5,0
4037,20,20,0,-6,-5,-1
4038,21,20,1,-6,-6,0
4039,20,21,-1,-6,-6,0
4040,20,20,0,-5,-6,1
4041,20,20,0,-5,-5,0
4042,20,20,0,-6,-5,-1
4043,21,20,1,-6,-6,0
4044,20,21,-1,-6,-6,0
4045,20,20,0,-5,-6,1
4046,20,20,0,-5,-5,0
4047,20,20,0,-6,-5,-1
4048,21,20,1,-6,-6,0
4049,20,21,-1,-6,-6,0
4050,20,20,0,-5,-6,1
4051,20,20,0,-5,-5,0
4052,20,20,0,-6,-5,-1
4053,21,20,1,-6,-6,0
4054,20,21,-1,-6,-6,0
4055,20,20,0,-5,-6,1
4056,20,20,0,-5,-5,0
4057,20,20,0,-6,-5,-1
4058,21,20,1,-6,-6,0
4059,20,21,-1,-6,-6,0
4060,20,20,0,-5,-6,1
4061,20,20,0,-5,-5,0
4062,20,20,0,-6,-5,-1
4063,21,20,1,-6,-6,0
4064,20,21,-1,-6,-6,0
4065,20,20,0,-5,-6,1
4066,20,20,0,-5,-5,0
4067,20,20,0,-6,-5,-1
4068,21,20,1,-6,-6,0
4069,20,21,-1,-6,-6,0
4070,20,20,0,-5,-6,1
4071,20,20,0,-5,-5,0
4072,20,20,0,-6,-5,-1
4073,21,20,1,-6,-6,0
4074,20,21,-1,-6,-6,0
4075,20,20,0,-5,-6,1
4076,20,20,0,-5,-5,0
4077,20,20,0,-6,-5,-1
4078,21,20,1,-6,-6,0
4079,20,21,-1,-6,-6,0
4080,20,20,0,-5,-6,1
4081,20,20,0,-5,-5,0
4082,20,20,0,-6,-5,-1
4083,21,20,1,-6,-6,0
4084,20,21,-1,-6,-6,0
4085,20,20,0,-5,-6,1
