cycle,range_bin,doppler_bin,output_hex
1035995000,0,0,ffedffb5
1036005000,0,1,0056002f
1036015000,0,2,fef8fdf4
1036025000,0,3,00bb03e9
1036035000,0,4,ff67fd79
1036045000,0,5,02890060
1036055000,0,6,fb84ff8a
1036065000,0,7,0391003b
1036075000,0,8,ff0d0073
1036085000,0,9,00ae0099
1036095000,0,10,fc9cfefa
1036105000,0,11,0433fe37
1036115000,0,12,fe0303e7
1036125000,0,13,0027fe60
1036135000,0,14,000cff08
1036145000,0,15,00450115
1038025000,0,16,ffda004b
1038035000,0,17,ff09ff80
1038045000,0,18,01e40140
1038055000,0,19,fed4fde4
1038065000,0,20,019102c6
1038075000,0,21,fac60187
1038085000,0,22,046efae2
1038095000,0,23,fe600256
1038105000,0,24,fee0ff41
1038115000,0,25,0131002c
1038125000,0,26,0220ffcc
1038135000,0,27,fd1cfdfa
1038145000,0,28,019104b2
1038155000,0,29,ff4cfd11
1038165000,0,30,003a00be
1038175000,0,31,001cffd8
1040055000,1,0,ffe3ffff
1040065000,1,1,00e1ff79
1040075000,1,2,fef10061
1040085000,1,3,01650080
1040095000,1,4,fd9dfeef
1040105000,1,5,04330116
1040115000,1,6,fa4cfd95
1040125000,1,7,04660217
1040135000,1,8,ff33ffb5
1040145000,1,9,fe990157
1040155000,1,10,0051fca7
1040165000,1,11,004bffd8
1040175000,1,12,ff6d04e5
1040185000,1,13,0067fd3e
1040195000,1,14,0072ffcb
1040205000,1,15,ffb6007d
1042085000,1,16,ffc10027
1042095000,1,17,ffe40007
1042105000,1,18,00f5ff8a
1042115000,1,19,fe04001c
1042125000,1,20,00f202a7
1042135000,1,21,ff5bfd55
1042145000,1,22,feb5fef5
1042155000,1,23,0588007d
1042165000,1,24,f9e10265
1042175000,1,25,01f6fdf7
1042185000,1,26,ff51020e
1042195000,1,27,0086fcd4
1042205000,1,28,01b00389
1042215000,1,29,fd7bfe31
1042225000,1,30,012900ef
1042235000,1,31,ffb6ff77
1044115000,2,0,ffc4ffdb
1044125000,2,1,0092fffd
1044135000,2,2,ff0fff3e
1044145000,2,3,01d8002f
1044155000,2,4,fd6a0180
1044165000,2,5,018cff18
1044175000,2,6,fcf7fdb8
1044185000,2,7,0745034a
1044195000,2,8,fa62ff4f
1044205000,2,9,fe6afe99
1044215000,2,10,035d0062
1044225000,2,11,ffdc00f1
1044235000,2,12,feb4ffea
1044245000,2,13,0108ff8e
1044255000,2,14,ff01002c
1044265000,2,15,00cf0042
1046145000,2,16,ffa3000e
1046155000,2,17,ff84ff01
1046165000,2,18,018c02cb
1046175000,2,19,fe98fd35
1046185000,2,20,003103aa
1046195000,2,21,fe93faee
1046205000,2,22,0224020a
1046215000,2,23,fe3d00ab
1046225000,2,24,01e3ff84
1046235000,2,25,ff2a029f
1046245000,2,26,fd70fc23
1046255000,2,27,01b60147
1046265000,2,28,0155014c
1046275000,2,29,ff27ffa6
1046285000,2,30,fea40058
1046295000,2,31,00ddffdd
1048175000,3,0,fffeffe6
1048185000,3,1,00e5ffd5
1048195000,3,2,fe89fefd
1048205000,3,3,01c5016b
1048215000,3,4,fe9affd6
1048225000,3,5,0024ffe3
1048235000,3,6,fe8bfebe
1048245000,3,7,03d80037
1048255000,3,8,fdc802fe
1048265000,3,9,ff8ffe6d
1048275000,3,10,ffb5fd0f
1048285000,3,11,01cb014d
1048295000,3,12,fe000306
1048305000,3,13,0088fe47
1048315000,3,14,00ffff66
1048325000,3,15,ff5000b5
1050205000,3,16,ffd1ffc7
1050215000,3,17,003bff75
1050225000,3,18,00970297
1050235000,3,19,fde0fd96
1050245000,3,20,01fa004e
1050255000,3,21,fe6d01df
1050265000,3,22,0139fb91
1050275000,3,23,fd19057f
1050285000,3,24,038bfb63
1050295000,3,25,ff890353
1050305000,3,26,ff93fcef
1050315000,3,27,fe5002b6
1050325000,3,28,018e00ec
1050335000,3,29,ff4bfe39
1050345000,3,30,00890075
1050355000,3,31,ff8b0065
1052235000,4,0,0025001e
1052245000,4,1,00e1ffd5
1052255000,4,2,fea0febf
1052265000,4,3,0168024f
1052275000,4,4,ff8dff20
1052285000,4,5,0079004f
1052295000,4,6,fd6afe0b
1052305000,4,7,03e40009
1052315000,4,8,fef50360
1052325000,4,9,fe3ffdaf
1052335000,4,10,ffdcfec1
1052345000,4,11,01fcffcd
1052355000,4,12,fd61035e
1052365000,4,13,01affebd
1052375000,4,14,006aff41
1052385000,4,15,ff180083
1054265000,4,16,ffedfff3
1054275000,4,17,fe94003c
1054285000,4,18,029eff3a
1054295000,4,19,fd74013c
1054305000,4,20,015dfe53
1054315000,4,21,febd02fb
1054325000,4,22,ff39fac8
1054335000,4,23,02790477
1054345000,4,24,fe83ffa7
1054355000,4,25,ffc2fd6c
1054365000,4,26,00520068
1054375000,4,27,ff72ffdc
1054385000,4,28,02ef038f
1054395000,4,29,fda5fdbd
1054405000,4,30,ff8b004a
1054415000,4,31,00d9ffe1
1056295000,5,0,00420058
1056305000,5,1,ffaeff4f
1056315000,5,2,fffb00d1
1056325000,5,3,00f6ff23
1056335000,5,4,fe26012a
1056345000,5,5,01ddffa5
1056355000,5,6,fcccfe0b
1056365000,5,7,03570175
1056375000,5,8,00ca0380
1056385000,5,9,fbfafa9d
1056395000,5,10,01db0215
1056405000,5,11,00e4ffbf
1056415000,5,12,ff7e01da
1056425000,5,13,001bfdf3
1056435000,5,14,ffd600db
1056445000,5,15,0007ff7d
1058325000,5,16,fffafff5
1058335000,5,17,000d0058
1058345000,5,18,012dff89
1058355000,5,19,fe590051
1058365000,5,20,ff36005e
1058375000,5,21,02c60171
1058385000,5,22,fc8ffe01
1058395000,5,23,00b9fde1
1058405000,5,24,02a401bf
1058415000,5,25,fd7b0048
1058425000,5,26,01c900cd
1058435000,5,27,fbb5ff11
1058445000,5,28,059c002a
1058455000,5,29,fcf60097
1058465000,5,30,00ebfffd
1058475000,5,31,ff85ffd5
1060355000,6,0,ff8bff8e
1060365000,6,1,ff9b004f
1060375000,6,2,018aff23
1060385000,6,3,fd0501b3
1060395000,6,4,034dfebf
1060405000,6,5,fd1900e3
1060415000,6,6,0206005b
1060425000,6,7,ff6bfd29
1060435000,6,8,02fd022a
1060445000,6,9,f9890147
1060455000,6,10,023afdd3
1060465000,6,11,042b0027
1060475000,6,12,fce30169
1060485000,6,13,002bff47
1060495000,6,14,ff8eff27
1060505000,6,15,00ed00e5
1062385000,6,16,0053ffd4
1062395000,6,17,ff90000b
1062405000,6,18,00f40139
1062415000,6,19,ff43fd97
1062425000,6,20,02a2022c
1062435000,6,21,fb00fe91
1062445000,6,22,036c0250
1062455000,6,23,ff0dfde6
1062465000,6,24,021dff70
1062475000,6,25,fccc01bd
1062485000,6,26,017eff43
1062495000,6,27,ff3d00a5
1062505000,6,28,ff7eff2c
1062515000,6,29,01c8ff53
1062525000,6,30,00720178
1062535000,6,31,ff2fffa2
1064415000,7,0,00390021
1064425000,7,1,ffebffe1
1064435000,7,2,ff0dfe43
1064445000,7,3,02fa0231
1064455000,7,4,fc1001aa
1064465000,7,5,02eafb6d
1064475000,7,6,fde3015d
1064485000,7,7,011a0181
1064495000,7,8,0033ff1b
1064505000,7,9,fd91021b
1064515000,7,10,033dfdd3
1064525000,7,11,fea2ffcb
1064535000,7,12,006c01fa
1064545000,7,13,fffafe33
1064555000,7,14,000b00b5
1064565000,7,15,ffcaffdf
1066445000,7,16,0001ffb9
1066455000,7,17,ff7900fb
1066465000,7,18,00fdff0a
1066475000,7,19,ff30ffee
1066485000,7,20,ff8d017e
1066495000,7,21,028bfe6a
1066505000,7,22,fb8f00ba
1066515000,7,23,02fdff37
1066525000,7,24,ff4700f9
1066535000,7,25,fde30025
1066545000,7,26,018dfe9e
1066555000,7,27,00e600ba
1066565000,7,28,fdc3ff54
1066575000,7,29,027d009e
1066585000,7,30,ff0f0122
1066595000,7,31,0029ff81
1068475000,8,0,fff8001d
1068485000,8,1,00500017
1068495000,8,2,0020fe41
1068505000,8,3,feb8030d
1068515000,8,4,0181fde1
1068525000,8,5,016400dd
1068535000,8,6,fbe7fff9
1068545000,8,7,01a1fcba
1068555000,8,8,033e044f
1068565000,8,9,fc22fe97
1068575000,8,10,fe94009b
1068585000,8,11,03a0fc75
1068595000,8,12,fe31066b
1068605000,8,13,0162fb7d
1068615000,8,14,ff050173
1068625000,8,15,0047ffbc
1070505000,8,16,ffc7ffd8
1070515000,8,17,ff09000e
1070525000,8,18,02450011
1070535000,8,19,fefb0140
1070545000,8,20,feb8fd04
1070555000,8,21,ff280566
1070565000,8,22,004df9d4
1070575000,8,23,02fe0138
1070585000,8,24,fef702f2
1070595000,8,25,fd03fe0a
1070605000,8,26,021f00dd
1070615000,8,27,ffaffd78
1070625000,8,28,00a203d6
1070635000,8,29,ffb8feba
1070645000,8,30,ff4fffaa
1070655000,8,31,00a40038
1072535000,9,0,001affd9
1072545000,9,1,00200089
1072555000,9,2,0053fdce
1072565000,9,3,ffbf0336
1072575000,9,4,ffeffd64
1072585000,9,5,fec601ef
1072595000,9,6,0109ff38
1072605000,9,7,0256fec0
1072615000,9,8,fe5401bb
1072625000,9,9,fd14ff05
1072635000,9,10,02230030
1072645000,9,11,0191ff94
1072655000,9,12,fe4b01fc
1072665000,9,13,ffd2fdc7
1072675000,9,14,01010126
1072685000,9,15,ff66ffe2
1074565000,9,16,ffbb0032
1074575000,9,17,ffe9ff00
1074585000,9,18,ffdd01f6
1074595000,9,19,00c9fec2
1074605000,9,20,015801ad
1074615000,9,21,f949fe9f
1074625000,9,22,05cbfe57
1074635000,9,23,fd2f020a
1074645000,9,24,03f9ffde
1074655000,9,25,fadf0014
1074665000,9,26,02a3ff22
1074675000,9,27,0049ffa0
1074685000,9,28,fef80257
1074695000,9,29,00a3fee5
1074705000,9,30,ff59000d
1074715000,9,31,0063ffdc
1076595000,10,0,0017ffff
1076605000,10,1,ff6f00a6
1076615000,10,2,015cfe5b
1076625000,10,3,ff24013c
1076635000,10,4,ff7a009f
1076645000,10,5,002fffe2
1076655000,10,6,ff20fda4
1076665000,10,7,04ad0291
1076675000,10,8,fc53ffbf
1076685000,10,9,fd63fd58
1076695000,10,10,04380279
1076705000,10,11,fe08ffb0
1076715000,10,12,002c0063
1076725000,10,13,00cbfea8
1076735000,10,14,ff3401d0
1076745000,10,15,0063fef3
1078625000,10,16,0016fff6
1078635000,10,17,ff19ff89
1078645000,10,18,01810262
1078655000,10,19,feb5fd68
1078665000,10,20,01ee01a5
1078675000,10,21,faf90129
1078685000,10,22,03d6fab4
1078695000,10,23,00f40372
1078705000,10,24,fed0feac
1078715000,10,25,fe150305
1078725000,10,26,0245fe54
1078735000,10,27,fff9ffa4
1078745000,10,28,feec01cd
1078755000,10,29,002dfe59
1078765000,10,30,ffc4010a
1078775000,10,31,003affba
1080655000,11,0,006e001a
1080665000,11,1,ff8e0062
1080675000,11,2,001dfe83
1080685000,11,3,006301ea
1080695000,11,4,001500ac
1080705000,11,5,fe8afe41
1080715000,11,6,0235fecd
1080725000,11,7,003c0102
1080735000,11,8,fc400396
1080745000,11,9,04def99c
1080755000,11,10,fc57048f
1080765000,11,11,0081fdd8
1080775000,11,12,017d0110
1080785000,11,13,fef2ffdd
1080795000,11,14,001f0065
1080805000,11,15,fff0ff70
1082685000,11,16,ff7fffd4
1082695000,11,17,ff58ff40
1082705000,11,18,028902a0
1082715000,11,19,fca0fd55
1082725000,11,20,01e50184
1082735000,11,21,fd76005b
1082745000,11,22,01d9fd1c
1082755000,11,23,00d30044
1082765000,11,24,fd710210
1082775000,11,25,02c0ffd8
1082785000,11,26,ffb5fee8
1082795000,11,27,ff3affff
1082805000,11,28,00330264
1082815000,11,29,fecefebd
1082825000,11,30,00b1ff30
1082835000,11,31,007700c8
1084715000,12,0,00060041
1084725000,12,1,007dff8b
1084735000,12,2,fe8dff98
1084745000,12,3,02c6015b
1084755000,12,4,fc2e0098
1084765000,12,5,0378fe4f
1084775000,12,6,fef8fc43
1084785000,12,7,ff1405e1
1084795000,12,8,ffce0059
1084805000,12,9,ff3ffad1
1084815000,12,10,02b5044e
1084825000,12,11,fd1afe7b
1084835000,12,12,02aa0106
1084845000,12,13,fe34ff51
1084855000,12,14,00ea003f
1084865000,12,15,ffd4ffad
1086745000,12,16,ffc3ffd0
1086755000,12,17,ff7e000c
1086765000,12,18,026700c8
1086775000,12,19,fdc5ff4c
1086785000,12,20,005a00b6
1086795000,12,21,fe2001fb
1086805000,12,22,0145f987
1086815000,12,23,01460570
1086825000,12,24,fee5fe36
1086835000,12,25,fee400c4
1086845000,12,26,01fffd1c
1086855000,12,27,fe7d034a
1086865000,12,28,01d2ffa4
1086875000,12,29,fe02ff39
1086885000,12,30,012100c5
1086895000,12,31,ffb4ffe6
1088775000,13,0,00510002
1088785000,13,1,ff93ff34
1088795000,13,2,ff1f0091
1088805000,13,3,01f6ffc4
1088815000,13,4,fef40137
1088825000,13,5,008a0107
1088835000,13,6,ffd2fb8b
1088845000,13,7,fe1101a1
1088855000,13,8,04f1029e
1088865000,13,9,fb11feb6
1088875000,13,10,011ffdbb
1088885000,13,11,01ac0330
1088895000,13,12,fdfefd99
1088905000,13,13,01b20203
1088915000,13,14,ff5cfe71
1088925000,13,15,ffcd00bf
1090805000,13,16,003fff78
1090815000,13,17,ff120109
1090825000,13,18,02f1fec6
1090835000,13,19,fc88007b
1090845000,13,20,03e7ffb8
1090855000,13,21,fb0a0229
1090865000,13,22,03a1fd95
1090875000,13,23,00010040
1090885000,13,24,ff6d0144
1090895000,13,25,fed2ff89
1090905000,13,26,ff5dff2c
1090915000,13,27,0112fff3
1090925000,13,28,01490194
1090935000,13,29,ff82ff21
1090945000,13,30,00150069
1090955000,13,31,ffd5004e
1092835000,14,0,ff8affb9
1092845000,14,1,00fc0054
1092855000,14,2,ff14fefe
1092865000,14,3,017e028a
1092875000,14,4,fde3fc9b
1092885000,14,5,028b0178
1092895000,14,6,fbda0173
1092905000,14,7,061efc63
1092915000,14,8,fcf8032d
1092925000,14,9,fde8fea6
1092935000,14,10,00a8ff08
1092945000,14,11,0236006e
1092955000,14,12,fe6701d7
1092965000,14,13,ff41ff4e
1092975000,14,14,0116ff5f
1092985000,14,15,000600b5
1094865000,14,16,0020001c
1094875000,14,17,ff0dffde
1094885000,14,18,02c60027
1094895000,14,19,fb420001
1094905000,14,20,04ef00a2
1094915000,14,21,fb8e00b1
1094925000,14,22,02e0fb2b
1094935000,14,23,00690239
1094945000,14,24,fdea02c2
1094955000,14,25,ff81fd2e
1094965000,14,26,001a002d
1094975000,14,27,02a2013b
1094985000,14,28,fe67fea8
1094995000,14,29,ff3c013f
1095005000,14,30,00800011
1095015000,14,31,ffcbff97
1096895000,15,0,0019ffe1
1096905000,15,1,ff22ffdd
1096915000,15,2,01ceff14
1096925000,15,3,fe9f0168
1096935000,15,4,023d0036
1096945000,15,5,fb31fe88
1096955000,15,6,04900010
1096965000,15,7,feabffb6
1096975000,15,8,012500c3
1096985000,15,9,fb3c00a9
1096995000,15,10,02f8fee8
1097005000,15,11,02350044
1097015000,15,12,fcad007e
1097025000,15,13,0195ffe2
1097035000,15,14,ff82ffec
1097045000,15,15,005d005e
1098925000,15,16,001dffd9
1098935000,15,17,ff03feed
1098945000,15,18,020101e0
1098955000,15,19,fdabff44
1098965000,15,20,0277ffff
1098975000,15,21,fb7601a9
1098985000,15,22,0245fc38
1098995000,15,23,01f9016b
1099005000,15,24,fef10077
1099015000,15,25,fd7d0073
1099025000,15,26,025ffffe
1099035000,15,27,fe91ff04
1099045000,15,28,019302a5
1099055000,15,29,ff36fe4b
1099065000,15,30,ffe3ffde
1099075000,15,31,ffef00b1
1100955000,16,0,ffccffd9
1100965000,16,1,01070063
1100975000,16,2,ff32fe4f
1100985000,16,3,ff7c0349
1100995000,16,4,001afd11
1101005000,16,5,030001e0
1101015000,16,6,fc0dfebf
1101025000,16,7,0238fd1e
1101035000,16,8,ff86050d
1101045000,16,9,fdadfed7
1101055000,16,10,02e2fe19
1101065000,16,11,fee6ff8f
1101075000,16,12,ff600389
1101085000,16,13,0100fe2a
1101095000,16,14,ffa3ffe1
1101105000,16,15,0022003e
1102985000,16,16,0003ffb4
1102995000,16,17,feaaff8a
1103005000,16,18,032901ce
1103015000,16,19,fc5bfe22
1103025000,16,20,013a007e
1103035000,16,21,ff120327
1103045000,16,22,0060f98f
1103055000,16,23,020e02d2
1103065000,16,24,fe930312
1103075000,16,25,fcb8fb46
1103085000,16,26,03ed01b2
1103095000,16,27,fe57ffd4
1103105000,16,28,02580204
1103115000,16,29,fe40fee1
1103125000,16,30,ff92ff99
1103135000,16,31,006c00b0
1105015000,17,0,001bfff0
1105025000,17,1,0008ff7a
1105035000,17,2,0043ff39
1105045000,17,3,fe5c0336
1105055000,17,4,0327fd05
1105065000,17,5,fd730201
1105075000,17,6,0101fddb
1105085000,17,7,feeeff5a
1105095000,17,8,02c50250
1105105000,17,9,fc5a01e2
1105115000,17,10,017dfaef
1105125000,17,11,005201d0
1105135000,17,12,ffb901bb
1105145000,17,13,0013ff8b
1105155000,17,14,0007ff1d
1105165000,17,15,fff40098
1107045000,17,16,ffa5ffb1
1107055000,17,17,007f003d
1107065000,17,18,ff5100f3
1107075000,17,19,0164ff40
1107085000,17,20,fd73008f
1107095000,17,21,00760136
1107105000,17,22,0091fc2a
1107115000,17,23,0101025d
1107125000,17,24,ff13fdad
1107135000,17,25,fec905f9
1107145000,17,26,0069fa0d
1107155000,17,27,01f8021c
1107165000,17,28,ff71011b
1107175000,17,29,ffc2ffb0
1107185000,17,30,ff290016
1107195000,17,31,00a3fff3
1109075000,18,0,ffee0007
1109085000,18,1,00ad0012
1109095000,18,2,ff2aff21
1109105000,18,3,002400b9
1109115000,18,4,00a300df
1109125000,18,5,ffdaff18
1109135000,18,6,fc78fddb
1109145000,18,7,06270337
1109155000,18,8,fd6800ab
1109165000,18,9,fcfbfd42
1109175000,18,10,051cffd5
1109185000,18,11,fb8200cb
1109195000,18,12,025b01e7
1109205000,18,13,ff7efdfc
1109215000,18,14,002600e7
1109225000,18,15,fffbffad
1111105000,18,16,ff510020
1111115000,18,17,fed4ff91
1111125000,18,18,02fb011c
1111135000,18,19,fe3dfe99
1111145000,18,20,ff56027e
1111155000,18,21,ff80febe
1111165000,18,22,000fff5f
1111175000,18,23,00f7ff66
1111185000,18,24,00c70228
1111195000,18,25,fc8afedb
1111205000,18,26,01ddfe18
1111215000,18,27,ff9f0231
1111225000,18,28,0156fffa
1111235000,18,29,ff96fffa
1111245000,18,30,fe5dffd5
1111255000,18,31,01b10014
1113135000,19,0,ffd50063
1113145000,19,1,007aff81
1113155000,19,2,ff4bff80
1113165000,19,3,013e006e
1113175000,19,4,fd94020a
1113185000,19,5,0334fed7
1113195000,19,6,fa73fcd5
1113205000,19,7,08e40354
1113215000,19,8,f9f30087
1113225000,19,9,ff64ff13
1113235000,19,10,02edfd88
1113245000,19,11,fe2601b2
1113255000,19,12,0014017c
1113265000,19,13,00b2fefd
1113275000,19,14,ffb50053
1113285000,19,15,0024ff84
1115165000,19,16,ffba0034
1115175000,19,17,0010fff7
1115185000,19,18,00910182
1115195000,19,19,fe95fd97
1115205000,19,20,00510179
1115215000,19,21,02a900b1
1115225000,19,22,fca2ff17
1115235000,19,23,ffc2ffaa
1115245000,19,24,fed00066
1115255000,19,25,0414fe81
1115265000,19,26,fe4b027a
1115275000,19,27,000dfccf
1115285000,19,28,001503fd
1115295000,19,29,ffdffda3
1115305000,19,30,ffa201c5
1115315000,19,31,0060feec
1117195000,20,0,ffec003b
1117205000,20,1,005bff9f
1117215000,20,2,ff65ff6c
1117225000,20,3,00bd015d
1117235000,20,4,ff010043
1117245000,20,5,0100fef8
1117255000,20,6,fe1aff3e
1117265000,20,7,03a2ffe9
1117275000,20,8,fecc0381
1117285000,20,9,fc29fc01
1117295000,20,10,038f0154
1117305000,20,11,ff71fdd7
1117315000,20,12,ff6f05e5
1117325000,20,13,003cfb00
1117335000,20,14,004201f6
1117345000,20,15,fff8ff73
1119225000,20,16,ffacffbd
1119235000,20,17,ff1b003e
1119245000,20,18,02fa0080
1119255000,20,19,fc71ff9a
1119265000,20,20,01a5fffe
1119275000,20,21,fd0e0185
1119285000,20,22,0317fb5e
1119295000,20,23,008f0467
1119305000,20,24,fde000c9
1119315000,20,25,ff53fc18
1119325000,20,26,015c00f0
1119335000,20,27,ffe5ffee
1119345000,20,28,01330324
1119355000,20,29,fea8fd81
1119365000,20,30,ffff00ca
1119375000,20,31,00970015
1121255000,21,0,ffc9002e
1121265000,21,1,ffe6feb8
1121275000,21,2,ffd70220
1121285000,21,3,00d5ff2d
1121295000,21,4,feebffa0
1121305000,21,5,01c4013c
1121315000,21,6,fdc2fdd0
1121325000,21,7,012800f7
1121335000,21,8,03410028
1121345000,21,9,f9ba013a
1121355000,21,10,0295fc90
1121365000,21,11,01450307
1121375000,21,12,ffb3fefe
1121385000,21,13,ff1c007e
1121395000,21,14,ffdaff2c
1121405000,21,15,008e0089
1123285000,21,16,004f0003
1123295000,21,17,ff8a000b
1123305000,21,18,018700c8
1123315000,21,19,ff36ff00
1123325000,21,20,ff5c010a
1123335000,21,21,ff46ff56
1123345000,21,22,00effe8b
1123355000,21,23,fe5d0180
1123365000,21,24,045dfd0d
1123375000,21,25,fcce0535
1123385000,21,26,0089fad0
1123395000,21,27,fe2401c6
1123405000,21,28,026c00c6
1123415000,21,29,00b2ff96
1123425000,21,30,fec500d5
1123435000,21,31,0001ff06
1125315000,22,0,ffc5ff8e
1125325000,22,1,0088005b
1125335000,22,2,ff08ff4c
1125345000,22,3,01fa009f
1125355000,22,4,fdc1ff0d
1125365000,22,5,021301a2
1125375000,22,6,fc94ff4d
1125385000,22,7,0369fd1e
1125395000,22,8,ffd902cc
1125405000,22,9,fcfa010d
1125415000,22,10,ffe0ff5e
1125425000,22,11,03e8fdfb
1125435000,22,12,fd91030d
1125445000,22,13,00ebfe4e
1125455000,22,14,ff6c001d
1125465000,22,15,005d0068
1127345000,22,16,ffd1ffc9
1127355000,22,17,00610065
1127365000,22,18,ffb4014e
1127375000,22,19,0102fce5
1127385000,22,20,fddb02e3
1127395000,22,21,01bdfe7a
1127405000,22,22,ff6901ff
1127415000,22,23,fc5fff63
1127425000,22,24,03c7fba5
1127435000,22,25,ffc503df
1127445000,22,26,012cfe44
1127455000,22,27,fcb2020f
1127465000,22,28,03110073
1127475000,22,29,fdf1feb2
1127485000,22,30,010300d3
1127495000,22,31,ffb9ffb1
1129375000,23,0,0037ffd5
1129385000,23,1,ffb900c4
1129395000,23,2,0019fe0b
1129405000,23,3,0158021a
1129415000,23,4,fdcdffa9
1129425000,23,5,0174fe79
1129435000,23,6,fd7d008d
1129445000,23,7,04d401c4
1129455000,23,8,fd3dfd35
1129465000,23,9,fd250252
1129475000,23,10,03e5ffa3
1129485000,23,11,fefcfe36
1129495000,23,12,012302dd
1129505000,23,13,fd8efd91
1129515000,23,14,018900e5
1129525000,23,15,ff90001c
1131405000,23,16,000bff9a
1131415000,23,17,ffc10058
1131425000,23,18,015700d3
1131435000,23,19,fe57fe9f
1131445000,23,20,01270152
1131455000,23,21,fbd500e2
1131465000,23,22,0505fe23
1131475000,23,23,fcc2fcb5
1131485000,23,24,031102e6
1131495000,23,25,fcf90194
1131505000,23,26,fffdfcd5
1131515000,23,27,020902c1
1131525000,23,28,ff09fe2e
1131535000,23,29,00d50112
1131545000,23,30,fec3ffed
1131555000,23,31,0012ffb3
1133435000,24,0,ffbbff9e
1133445000,24,1,009e0076
1133455000,24,2,ff4fff62
1133465000,24,3,00f90182
1133475000,24,4,fe76feaf
1133485000,24,5,03d2ff7d
1133495000,24,6,fa800031
1133505000,24,7,0359ffcb
1133515000,24,8,017f00a0
1133525000,24,9,facc0040
1133535000,24,10,02e1fea2
1133545000,24,11,ffeb0052
1133555000,24,12,007c02ff
1133565000,24,13,ff6cfc9d
1133575000,24,14,ffac0177
1133585000,24,15,0093fff9
1135465000,24,16,ffeaff9b
1135475000,24,17,feeeff97
1135485000,24,18,0330011a
1135495000,24,19,fcfd0012
1135505000,24,20,0097ff92
1135515000,24,21,fedb0283
1135525000,24,22,ff94fa5b
1135535000,24,23,00aa0175
1135545000,24,24,02660361
1135555000,24,25,fce8fd91
1135565000,24,26,01b4ff34
1135575000,24,27,fe81ff34
1135585000,24,28,00b904be
1135595000,24,29,ff7bfd71
1135605000,24,30,fff0febb
1135615000,24,31,00140169
1137495000,25,0,ffe70000
1137505000,25,1,ffb1ffcf
1137515000,25,2,01240069
1137525000,25,3,ff2cff29
1137535000,25,4,fff1015e
1137545000,25,5,fff2006f
1137555000,25,6,fee8fd04
1137565000,25,7,04ae007e
1137575000,25,8,fc2d0298
1137585000,25,9,fd23fe8d
1137595000,25,10,0448ffe3
1137605000,25,11,ff42fecd
1137615000,25,12,ffa703aa
1137625000,25,13,fff2fc35
1137635000,25,14,ffa00278
1137645000,25,15,008cff24
1139525000,25,16,ff8bffda
1139535000,25,17,fee9001e
1139545000,25,18,01d7ff4b
1139555000,25,19,ff8600bc
1139565000,25,20,fea4ffb6
1139575000,25,21,ff720205
1139585000,25,22,0248fb85
1139595000,25,23,01f7021c
1139605000,25,24,fc970190
1139615000,25,25,ff030084
1139625000,25,26,015bff13
1139635000,25,27,fedefee6
1139645000,25,28,020a01e4
1139655000,25,29,ff7afe71
1139665000,25,30,ff260079
1139675000,25,31,011d004a
1141555000,26,0,0030ffb4
1141565000,26,1,ffcffff1
1141575000,26,2,0127ffbd
1141585000,26,3,fd600172
1141595000,26,4,0379fdfa
1141605000,26,5,fe59032a
1141615000,26,6,ffddfbaa
1141625000,26,7,0059003f
1141635000,26,8,02560302
1141645000,26,9,f995ff2f
1141655000,26,10,04d1fdc7
1141665000,26,11,ff7e0150
1141675000,26,12,fe950068
1141685000,26,13,00bb013e
1141695000,26,14,ffeffdea
1141705000,26,15,fff90147
1143585000,26,16,ff8a007f
1143595000,26,17,ffadff5d
1143605000,26,18,01090196
1143615000,26,19,fe6dfdbc
1143625000,26,20,00e90243
1143635000,26,21,feb3ff2a
1143645000,26,22,00d5fdb4
1143655000,26,23,feb2019b
1143665000,26,24,023afffd
1143675000,26,25,fc970025
1143685000,26,26,00fdfc7e
1143695000,26,27,04510222
1143705000,26,28,fc7f017d
1143715000,26,29,0011ff40
1143725000,26,30,ff79004c
1143735000,26,31,00d8ff1b
1145615000,27,0,ffd0fffe
1145625000,27,1,00f7fff0
1145635000,27,2,ffabff59
1145645000,27,3,fd5a0287
1145655000,27,4,03c5fd48
1145665000,27,5,fdb8ffe8
1145675000,27,6,024700eb
1145685000,27,7,fca50123
1145695000,27,8,0118fdc4
1145705000,27,9,ffd9027a
1145715000,27,10,0297fdeb
1145725000,27,11,fd54025d
1145735000,27,12,0103fd46
1145745000,27,13,0014020a
1145755000,27,14,ffafff09
1145765000,27,15,00290015
1147645000,27,16,ff8bff4b
1147655000,27,17,ffdc00bf
1147665000,27,18,016dff46
1147675000,27,19,fedc00dc
1147685000,27,20,ff850045
1147695000,27,21,ff9efdfd
1147705000,27,22,00fe013c
1147715000,27,23,fe95ffd9
1147725000,27,24,023f0239
1147735000,27,25,fbf8fce5
1147745000,27,26,00b7fefa
1147755000,27,27,02e40272
1147765000,27,28,fd99ff67
1147775000,27,29,01f60053
1147785000,27,30,fe9effc4
1147795000,27,31,00cb00c5
1149675000,28,0,00230066
1149685000,28,1,0064ff92
1149695000,28,2,fed9fe56
1149705000,28,3,02590478
1149715000,28,4,fca7fd38
1149725000,28,5,04bbff49
1149735000,28,6,fb3cff3f
1149745000,28,7,022f019c
1149755000,28,8,0043009e
1149765000,28,9,fe10feb0
1149775000,28,10,022300ee
1149785000,28,11,fe23fdc0
1149795000,28,12,00b70398
1149805000,28,13,007dfde5
1149815000,28,14,ffcc0111
1149825000,28,15,ffe1ff54
1151705000,28,16,ff5aff9e
1151715000,28,17,0086ffca
1151725000,28,18,00fe00bf
1151735000,28,19,fdcaffb4
1151745000,28,20,0269ff52
1151755000,28,21,fbfc0544
1151765000,28,22,0301f80a
1151775000,28,23,fd9902db
1151785000,28,24,03b600ae
1151795000,28,25,fc4affe6
1151805000,28,26,fedefe47
1151815000,28,27,0326014a
1151825000,28,28,00270016
1151835000,28,29,fea0fff8
1151845000,28,30,008bff5c
1151855000,28,31,000300fb
1153735000,29,0,001a0025
1153745000,29,1,002bff7f
1153755000,29,2,fefb0041
1153765000,29,3,01c500d4
1153775000,29,4,fe47ffad
1153785000,29,5,01ec00f1
1153795000,29,6,fe0efbe2
1153805000,29,7,0208020e
1153815000,29,8,ff6a03a7
1153825000,29,9,fd17fb7d
1153835000,29,10,03230095
1153845000,29,11,fe99009a
1153855000,29,12,010d0213
1153865000,29,13,fea2fd7b
1153875000,29,14,01040154
1153885000,29,15,ffc2ff84
1155765000,29,16,ffc5ffa7
1155775000,29,17,ff4e008c
1155785000,29,18,024dff99
1155795000,29,19,fd1a005d
1155805000,29,20,01eefe22
1155815000,29,21,fe2a0354
1155825000,29,22,0184fc82
1155835000,29,23,01140159
1155845000,29,24,ffe10175
1155855000,29,25,fdcc00e6
1155865000,29,26,ff3dfc3f
1155875000,29,27,004e02ad
1155885000,29,28,02f0ff36
1155895000,29,29,fcc0006a
1155905000,29,30,01ceff1a
1155915000,29,31,ffc000d5
1157795000,30,0,ffcb0013
1157805000,30,1,0031ff89
1157815000,30,2,ffca002a
1157825000,30,3,000c00e8
1157835000,30,4,00b9fe9f
1157845000,30,5,0023015f
1157855000,30,6,fe08fdb8
1157865000,30,7,0024fedb
1157875000,30,8,031504c7
1157885000,30,9,fc97ff7d
1157895000,30,10,febcfb0c
1157905000,30,11,049a04fc
1157915000,30,12,fd6bfd6b
1157925000,30,13,0089027f
1157935000,30,14,ff86fdce
1157945000,30,15,00aa00bd
1159825000,30,16,ffb10043
1159835000,30,17,ffeb002b
1159845000,30,18,01cb0041
1159855000,30,19,fcecff28
1159865000,30,20,040b007e
1159875000,30,21,fb46001d
1159885000,30,22,032d001b
1159895000,30,23,fdb10059
1159905000,30,24,0293fe15
1159915000,30,25,fd4700ff
1159925000,30,26,fee7fe53
1159935000,30,27,054e0258
1159945000,30,28,fc69fffe
1159955000,30,29,ffb4fff5
1159965000,30,30,0099005d
1159975000,30,31,0019ff3b
1161855000,31,0,001cffcf
1161865000,31,1,fedd0048
1161875000,31,2,017bfecf
1161885000,31,3,0071023d
1161895000,31,4,fef5fda9
1161905000,31,5,fdf4030f
1161915000,31,6,0353fc4a
1161925000,31,7,fe890164
1161935000,31,8,02300229
1161945000,31,9,fb7ffe7c
1161955000,31,10,0363fddf
1161965000,31,11,ff9503a5
1161975000,31,12,ff77fd5b
1161985000,31,13,00440149
1161995000,31,14,001fff9c
1162005000,31,15,ffd5000e
1163885000,31,16,001dffa4
1163895000,31,17,00a30115
1163905000,31,18,febaff77
1163915000,31,19,01baff65
1163925000,31,20,ffcdffd2
1163935000,31,21,fe3103d5
1163945000,31,22,01e7fba1
1163955000,31,23,fe670108
1163965000,31,24,00d7fdca
1163975000,31,25,022f04c1
1163985000,31,26,fc1cfd2d
1163995000,31,27,04260013
1164005000,31,28,fbe70068
1164015000,31,29,029100e1
1164025000,31,30,0033ff1b
1164035000,31,31,ff6d007c
1165915000,32,0,001b0033
1165925000,32,1,0046ff75
1165935000,32,2,007eff31
1165945000,32,3,ffd20210
1165955000,32,4,fd56fea6
1165965000,32,5,0471003f
1165975000,32,6,fbb5fe33
1165985000,32,7,02b202ac
1165995000,32,8,fd7300e3
1166005000,32,9,0402fe25
1166015000,32,10,fbd0ff71
1166025000,32,11,03e80062
1166035000,32,12,fc5801b0
1166045000,32,13,025bfe7b
1166055000,32,14,0011005f
1166065000,32,15,ff30ffee
1167945000,32,16,0034fff3
1167955000,32,17,ff76ffe3
1167965000,32,18,00f500c9
1167975000,32,19,fecbff52
1167985000,32,20,01d70081
1167995000,32,21,fae70113
1168005000,32,22,03d4fc53
1168015000,32,23,0288024d
1168025000,32,24,f97e002f
1168035000,32,25,06cc0089
1168045000,32,26,fbcbfe99
1168055000,32,27,00dbfe86
1168065000,32,28,020304cd
1168075000,32,29,fefffdb9
1168085000,32,30,00100063
1168095000,32,31,ff9affcb
1169975000,33,0,fffbffe8
1169985000,33,1,008cff87
1169995000,33,2,ff6500b5
1170005000,33,3,0096ffed
1170015000,33,4,fd82ffae
1170025000,33,5,05cafeba
1170035000,33,6,f8aa023d
1170045000,33,7,0588feab
1170055000,33,8,fdd90004
1170065000,33,9,ff84023b
1170075000,33,10,00cdfb8d
1170085000,33,11,007801e7
1170095000,33,12,fe2602a2
1170105000,33,13,00e2fe00
1170115000,33,14,00d0ffdd
1170125000,33,15,ff86006d
1172005000,33,16,ffcd001b
1172015000,33,17,ff21ffcf
1172025000,33,18,02810023
1172035000,33,19,fd0a004e
1172045000,33,20,018c00a7
1172055000,33,21,fd76ff7f
1172065000,33,22,00fffcd0
1172075000,33,23,02590484
1172085000,33,24,fd99fdf1
1172095000,33,25,ffd70039
1172105000,33,26,00bd00fd
1172115000,33,27,ff92fe64
1172125000,33,28,00c601b5
1172135000,33,29,fe6effa9
1172145000,33,30,016bfff8
1172155000,33,31,ffcfffea
1174035000,34,0,0037ffeb
1174045000,34,1,00560015
1174055000,34,2,ff68fec1
1174065000,34,3,009b019a
1174075000,34,4,fef70042
1174085000,34,5,0161ffd9
1174095000,34,6,fdebfce7
1174105000,34,7,02f0036c
1174115000,34,8,fec7ff67
1174125000,34,9,fd7c0063
1174135000,34,10,0338fe6f
1174145000,34,11,ff51ff38
1174155000,34,12,fe9f0420
1174165000,34,13,016dfc53
1174175000,34,14,ff910195
1174185000,34,15,ffd4ffbe
1176065000,34,16,ff8eff89
1176075000,34,17,ff8fffef
1176085000,34,18,00b2012d
1176095000,34,19,fee1fecb
1176105000,34,20,01c4ffbb
1176115000,34,21,fcb00004
1176125000,34,22,0468fe6b
1176135000,34,23,fceb0442
1176145000,34,24,012cff0b
1176155000,34,25,fdc3ffc9
1176165000,34,26,00ccfe11
1176175000,34,27,00d1002d
1176185000,34,28,ffb2042d
1176195000,34,29,ff9efc94
1176205000,34,30,ffb20043
1176215000,34,31,00db00de
1178095000,35,0,fff3004f
1178105000,35,1,0040ffa9
1178115000,35,2,ff94ff7a
1178125000,35,3,00c70072
1178135000,35,4,ff0c012d
1178145000,35,5,0011fe45
1178155000,35,6,fe71ff07
1178165000,35,7,03a1017b
1178175000,35,8,fd8f039d
1178185000,35,9,fe9cfac7
1178195000,35,10,03c001a4
1178205000,35,11,fd87ff58
1178215000,35,12,ff92033b
1178225000,35,13,026ffcb7
1178235000,35,14,fe430167
1178245000,35,15,008dff6f
1180125000,35,16,ff8eff88
1180135000,35,17,00980001
1180145000,35,18,ffa400ff
1180155000,35,19,ff6dfe1d
1180165000,35,20,01480138
1180175000,35,21,febc02b0
1180185000,35,22,ffd9fa8a
1180195000,35,23,feba03c0
1180205000,35,24,00cefcd4
1180215000,35,25,018c047f
1180225000,35,26,fd76fd13
1180235000,35,27,0199ffdb
1180245000,35,28,feec0160
1180255000,35,29,0104ff08
1180265000,35,30,ffd50098
1180275000,35,31,00040068
1182155000,36,0,ffe20026
1182165000,36,1,0103ffc9
1182175000,36,2,fe7cff78
1182185000,36,3,00e60195
1182195000,36,4,ff31fe5f
1182205000,36,5,01fe0214
1182215000,36,6,fcd3fd60
1182225000,36,7,02ad00a2
1182235000,36,8,010800f6
1182245000,36,9,fbd5007d
1182255000,36,10,0258fe4e
1182265000,36,11,ffb8fe27
1182275000,36,12,ffc105ed
1182285000,36,13,0086fc4e
1182295000,36,14,fff5008a
1182305000,36,15,ffe1ffe2
1184185000,36,16,ff89ffc7
1184195000,36,17,ff8300c3
1184205000,36,18,01f9ff5b
1184215000,36,19,fd970093
1184225000,36,20,0036ff02
1184235000,36,21,001301c6
1184245000,36,22,0084fda9
1184255000,36,23,fefb0045
1184265000,36,24,028d0275
1184275000,36,25,fbfbfec5
1184285000,36,26,033dfe99
1184295000,36,27,fe0bffbb
1184305000,36,28,024c0352
1184315000,36,29,fe5fff6e
1184325000,36,30,ff9efefb
1184335000,36,31,01130059
1186215000,37,0,0004005b
1186225000,37,1,00b0ff48
1186235000,37,2,ff2a017d
1186245000,37,3,00c8fe9a
1186255000,37,4,fe440150
1186265000,37,5,03dfff45
1186275000,37,6,fb32fea8
1186285000,37,7,04300190
1186295000,37,8,feac0031
1186305000,37,9,feb0ff3c
1186315000,37,10,0086fe91
1186325000,37,11,0014011e
1186335000,37,12,0000012c
1186345000,37,13,ffa9ffe3
1186355000,37,14,008aff4a
1186365000,37,15,ffac0004
1188245000,37,16,00210001
1188255000,37,17,feb2ff49
1188265000,37,18,034800a7
1188275000,37,19,fcdd003b
1188285000,37,20,00b6ff80
1188295000,37,21,ff030212
1188305000,37,22,0083fbc5
1188315000,37,23,027a017c
1188325000,37,24,fcf7ff8b
1188335000,37,25,ff8602db
1188345000,37,26,016cfd91
1188355000,37,27,fed1fe67
1188365000,37,28,018e0394
1188375000,37,29,ff15fea6
1188385000,37,30,0035ff73
1188395000,37,31,00000056
1190275000,38,0,ffcb0010
1190285000,38,1,00fe0019
1190295000,38,2,fee6ff68
1190305000,38,3,ff3500d9
1190315000,38,4,02e6ff0f
1190325000,38,5,fd3f022b
1190335000,38,6,ff23fdd2
1190345000,38,7,0370fdc4
1190355000,38,8,fe9b068c
1190365000,38,9,fe10fb4d
1190375000,38,10,017201f0
1190385000,38,11,00bdfd67
1190395000,38,12,ff1c03b5
1190405000,38,13,012bfe37
1190415000,38,14,ff45ffb6
1190425000,38,15,fffefff4
1192305000,38,16,ffb1ff77
1192315000,38,17,011800f6
1192325000,38,18,fe94ff8e
1192335000,38,19,00bcffbb
1192345000,38,20,028e00c3
1192355000,38,21,fadb003f
1192365000,38,22,0377fe42
1192375000,38,23,fbd8023d
1192385000,38,24,05c1fda5
1192395000,38,25,fddc0166
1192405000,38,26,ff48fe26
1192415000,38,27,00f2038b
1192425000,38,28,ff10fe39
1192435000,38,29,00e5ff5d
1192445000,38,30,007d013a
1192455000,38,31,ff96ffdd
1194335000,39,0,00710032
1194345000,39,1,0033ffc6
1194355000,39,2,ff71ffaa
1194365000,39,3,00af0091
1194375000,39,4,fdf900c1
1194385000,39,5,04acfe00
1194395000,39,6,fa5000b7
1194405000,39,7,03f0009a
1194415000,39,8,fefd00ec
1194425000,39,9,fe81fe9a
1194435000,39,10,01e7fe2c
1194445000,39,11,0081032f
1194455000,39,12,fd79ff9d
1194465000,39,13,0110fe9c
1194475000,39,14,0148008f
1194485000,39,15,fea00012
1196365000,39,16,ffeaff9e
1196375000,39,17,ff9bff9c
1196385000,39,18,01c80051
1196395000,39,19,ff1e0197
1196405000,39,20,ff42fdfb
1196415000,39,21,fe6d01a6
1196425000,39,22,024ffaec
1196435000,39,23,fed304eb
1196445000,39,24,0092fde4
1196455000,39,25,00630066
1196465000,39,26,ff06feb5
1196475000,39,27,007e02cf
1196485000,39,28,ffa6fe13
1196495000,39,29,004500f4
1196505000,39,30,ffafff0e
1196515000,39,31,001100b3
1198395000,40,0,fff8003e
1198405000,40,1,00cbff5b
1198415000,40,2,fe480011
1198425000,40,3,018a0155
1198435000,40,4,fe5cff8e
1198445000,40,5,04faffd8
1198455000,40,6,f87cff10
1198465000,40,7,0545ffc7
1198475000,40,8,0028002e
1198485000,40,9,fc8502fb
1198495000,40,10,0078fce3
1198505000,40,11,038afed5
1198515000,40,12,fc900416
1198525000,40,13,01c6fdbe
1198535000,40,14,ffa8ffc4
1198545000,40,15,ffa7004b
1200425000,40,16,ffa7000e
1200435000,40,17,ff74ff54
1200445000,40,18,02e200ad
1200455000,40,19,fd91ffb7
1200465000,40,20,002c016b
1200475000,40,21,fe6c0080
1200485000,40,22,029afa2a
1200495000,40,23,00000445
1200505000,40,24,ffd5ff6a
1200515000,40,25,fee40062
1200525000,40,26,00f2fecb
1200535000,40,27,0029fe69
1200545000,40,28,ffac0535
1200555000,40,29,0074fc82
1200565000,40,30,ff7e007e
1200575000,40,31,00ae005b
1202455000,41,0,003e0047
1202465000,41,1,ff22ffaa
1202475000,41,2,0254feb9
1202485000,41,3,fcde0350
1202495000,41,4,0312fe78
1202505000,41,5,fdf8ff2c
1202515000,41,6,01bcfffd
1202525000,41,7,fe56ff40
1202535000,41,8,01a401bb
1202545000,41,9,fe1aff88
1202555000,41,10,00dcfee7
1202565000,41,11,ff2400e6
1202575000,41,12,009cffca
1202585000,41,13,0118009e
1202595000,41,14,fe54ffaf
1202605000,41,15,008cfffe
1204485000,41,16,ffb8ffde
1204495000,41,17,ff50ff64
1204505000,41,18,01ab01cb
1204515000,41,19,ffd8fe34
1204525000,41,20,ff130200
1204535000,41,21,fce9fe29
1204545000,41,22,04a9fe2a
1204555000,41,23,fd8302dd
1204565000,41,24,02860042
1204575000,41,25,fbdefe6c
1204585000,41,26,0281fe5d
1204595000,41,27,ffba0182
1204605000,41,28,ff17017c
1204615000,41,29,0235fde3
1204625000,41,30,fe23013a
1204635000,41,31,00bfffb9
1206515000,42,0,fffaffbb
1206525000,42,1,ffba0052
1206535000,42,2,0056ff6f
1206545000,42,3,ff78ff9e
1206555000,42,4,00fc01b4
1206565000,42,5,fddfffe5
1206575000,42,6,0162fb89
1206585000,42,7,00c90701
1206595000,42,8,0148fbfd
1206605000,42,9,fab0ff70
1206615000,42,10,04520099
1206625000,42,11,febc0186
1206635000,42,12,0046febc
1206645000,42,13,003700a9
1206655000,42,14,ff12ff5f
1206665000,42,15,00e30073
1208545000,42,16,ff8a0024
1208555000,42,17,0012ff83
1208565000,42,18,00bd0124
1208575000,42,19,ff93fdc4
1208585000,42,20,ff3d041b
1208595000,42,21,ff94fe92
1208605000,42,22,0011fc2d
1208615000,42,23,01af03c3
1208625000,42,24,ff50fe14
1208635000,42,25,fda40213
1208645000,42,26,0091fd22
1208655000,42,27,0299027c
1208665000,42,28,fd5d0019
1208675000,42,29,01d2ff18
1208685000,42,30,fe9500d1
1208695000,42,31,00c1ffbd
1210575000,43,0,005affef
1210585000,43,1,ff62007b
1210595000,43,2,002ffea3
1210605000,43,3,004701bc
1210615000,43,4,01240008
1210625000,43,5,fd1200ce
1210635000,43,6,041bf9dd
1210645000,43,7,fde805b1
1210655000,43,8,ff14006f
1210665000,43,9,0096fd29
1210675000,43,10,ffdbff07
1210685000,43,11,0065036c
1210695000,43,12,001efde6
1210705000,43,13,fe7e0156
1210715000,43,14,0143ff35
1210725000,43,15,ffcc0057
1212605000,43,16,ff87000a
1212615000,43,17,ffacff81
1212625000,43,18,02770161
1212635000,43,19,fafefe50
1212645000,43,20,03da0087
1212655000,43,21,ff17000a
1212665000,43,22,ffd8ff83
1212675000,43,23,00510172
1212685000,43,24,feebff10
1212695000,43,25,002aff9f
1212705000,43,26,fe01ffa9
1212715000,43,27,02bcffc8
1212725000,43,28,ffb8005f
1212735000,43,29,fef7ff82
1212745000,43,30,00f400e3
1212755000,43,31,ffe9ff9a
1214635000,44,0,009b0003
1214645000,44,1,ffe40035
1214655000,44,2,ff89fda3
1214665000,44,3,011c03d0
1214675000,44,4,fe3efe42
1214685000,44,5,0433fffc
1214695000,44,6,fbe9fec4
1214705000,44,7,ff1dffb4
1214715000,44,8,03d502a3
1214725000,44,9,fca4fd7f
1214735000,44,10,02a701fb
1214745000,44,11,fd26fe72
1214755000,44,12,005e0120
1214765000,44,13,0211ffc4
1214775000,44,14,ff7b005e
1214785000,44,15,ff35ffce
1216665000,44,16,ffad0039
1216675000,44,17,ff78ff9b
1216685000,44,18,02390107
1216695000,44,19,fd2efdb9
1216705000,44,20,021503aa
1216715000,44,21,feeeff84
1216725000,44,22,0133fd24
1216735000,44,23,fdb701e2
1216745000,44,24,01afff8f
1216755000,44,25,fd8c00f5
1216765000,44,26,012bfcc1
1216775000,44,27,01c4039f
1216785000,44,28,fd5fffc2
1216795000,44,29,012efe38
1216805000,44,30,ffe10160
1216815000,44,31,000fffba
1218695000,45,0,0022ffdc
1218705000,45,1,00610028
1218715000,45,2,fea6fe85
1218725000,45,3,013f0327
1218735000,45,4,ffc0fe4f
1218745000,45,5,00e7008a
1218755000,45,6,fd1dfebc
1218765000,45,7,02d1ff02
1218775000,45,8,019e0462
1218785000,45,9,fa6bfd14
1218795000,45,10,03f8ffc9
1218805000,45,11,ffb5fea9
1218815000,45,12,ff1c041f
1218825000,45,13,0059fd26
1218835000,45,14,00690062
1218845000,45,15,ff6f002a
1220725000,45,16,004c0007
1220735000,45,17,ffcd0026
1220745000,45,18,002e009f
1220755000,45,19,0108feba
1220765000,45,20,004e00e2
1220775000,45,21,fd4f015f
1220785000,45,22,00dbfe2c
1220795000,45,23,ff0b0239
1220805000,45,24,0364f9eb
1220815000,45,25,fc4705d0
1220825000,45,26,032efc73
1220835000,45,27,ff160322
1220845000,45,28,ff26fef8
1220855000,45,29,005dff27
1220865000,45,30,014d0196
1220875000,45,31,feffff4f
1222755000,46,0,ffe00008
1222765000,46,1,003fff88
1222775000,46,2,00cfffee
1222785000,46,3,fdb90212
1222795000,46,4,0248fc91
1222805000,46,5,ff690333
1222815000,46,6,ff2ffd57
1222825000,46,7,ff6900d7
1222835000,46,8,04680102
1222845000,46,9,fa39fff0
1222855000,46,10,024dfd6c
1222865000,46,11,0043028c
1222875000,46,12,ff94fec5
1222885000,46,13,ffef0269
1222895000,46,14,0089fddf
1222905000,46,15,ffd30087
1224785000,46,16,ffe6006a
1224795000,46,17,ff97ff82
1224805000,46,18,00ed0171
1224815000,46,19,ff30fe35
1224825000,46,20,020e015d
1224835000,46,21,fc14ff2c
1224845000,46,22,02690001
1224855000,46,23,ff450088
1224865000,46,24,04c8ffbc
1224875000,46,25,f8a702ac
1224885000,46,26,019dfc35
1224895000,46,27,008201ad
1224905000,46,28,ffec0021
1224915000,46,29,00f2000a
1224925000,46,30,ff35005d
1224935000,46,31,0065ff7a
1226815000,47,0,ff97ffa5
1226825000,47,1,0073003c
1226835000,47,2,ff870012
1226845000,47,3,004e0073
1226855000,47,4,ffaeff1e
1226865000,47,5,01680226
1226875000,47,6,fc91fd0e
1226885000,47,7,04d3017f
1226895000,47,8,fecfffd1
1226905000,47,9,fd8b0114
1226915000,47,10,ff03fdca
1226925000,47,11,0678009b
1226935000,47,12,fa9800d4
1226945000,47,13,0122ff3a
1226955000,47,14,ffb9ffe6
1226965000,47,15,005f008b
1228845000,47,16,0046ffd1
1228855000,47,17,ffdbffb5
1228865000,47,18,ff2dffe0
1228875000,47,19,020e014b
1228885000,47,20,fdbbff10
1228895000,47,21,0007ff18
1228905000,47,22,011bfee4
1228915000,47,23,00b20310
1228925000,47,24,00e0fc0f
1228935000,47,25,fa63046b
1228945000,47,26,0567fb8e
1228955000,47,27,fe140369
1228965000,47,28,00ebfe98
1228975000,47,29,004b0110
1228985000,47,30,ff45fe8e
1228995000,47,31,006c009c
1230875000,48,0,ffeafff7
1230885000,48,1,00220040
1230895000,48,2,ff38fd98
1230905000,48,3,01b60397
1230915000,48,4,fc21ffc1
1230925000,48,5,060dfe1b
1230935000,48,6,fa20ff80
1230945000,48,7,04d6017d
1230955000,48,8,fcb60049
1230965000,48,9,0132ffe0
1230975000,48,10,ff42fe2e
1230985000,48,11,00e0005d
1230995000,48,12,ff73034b
1231005000,48,13,003bfd29
1231015000,48,14,004a0056
1231025000,48,15,ffe00043
1232905000,48,16,00230029
1232915000,48,17,ff4aff58
1232925000,48,18,02900208
1232935000,48,19,fc68fe98
1232945000,48,20,01acff39
1232955000,48,21,ff700494
1232965000,48,22,001bf940
1232975000,48,23,029202bc
1232985000,48,24,fcd5014d
1232995000,48,25,ff26fe54
1233005000,48,26,03c200d2
1233015000,48,27,fd22fec8
1233025000,48,28,037801dd
1233035000,48,29,fd840084
1233045000,48,30,008fff1a
1233055000,48,31,00080020
1234935000,49,0,005dffe2
1234945000,49,1,0005fffd
1234955000,49,2,ff31ff8f
1234965000,49,3,00ac0184
1234975000,49,4,fea8ff39
1234985000,49,5,0355008d
1234995000,49,6,fd47fdba
1235005000,49,7,00980213
1235015000,49,8,018fffda
1235025000,49,9,fb9fffb3
1235035000,49,10,03f5ff93
1235045000,49,11,0058ff10
1235055000,49,12,fd2c03f3
1235065000,49,13,013ffc07
1235075000,49,14,00eb019c
1235085000,49,15,ff14ffb5
1236965000,49,16,ffb0ffdb
1236975000,49,17,ffc1007e
1236985000,49,18,0138ffae
1236995000,49,19,002fffe9
1237005000,49,20,fcbb024e
1237015000,49,21,0238fd25
1237025000,49,22,fee1ff7a
1237035000,49,23,02820142
1237045000,49,24,fea2004b
1237055000,49,25,fe2b01a0
1237065000,49,26,01cafc20
1237075000,49,27,00b5026b
1237085000,49,28,fe0f0114
1237095000,49,29,0200fee9
1237105000,49,30,fec100b0
1237115000,49,31,00e6ffbe
1238995000,50,0,0025ffdf
1239005000,50,1,ffc50072
1239015000,50,2,0037ff0c
1239025000,50,3,fff7ffa1
1239035000,50,4,015402b2
1239045000,50,5,fc98fe22
1239055000,50,6,01f6fd37
1239065000,50,7,00920530
1239075000,50,8,011bfcd1
1239085000,50,9,fc6102b4
1239095000,50,10,03bffc08
1239105000,50,11,fc9900f3
1239115000,50,12,02940256
1239125000,50,13,fea6fee0
1239135000,50,14,0024ffb5
1239145000,50,15,0042005c
1241025000,50,16,00030023
1241035000,50,17,ff6bff52
1241045000,50,18,0101ff97
1241055000,50,19,ffd40214
1241065000,50,20,fe42fee3
1241075000,50,21,001d013e
1241085000,50,22,ff77fc10
1241095000,50,23,04b70261
1241105000,50,24,fa450053
1241115000,50,25,00c7ff18
1241125000,50,26,fff30187
1241135000,50,27,024efd04
1241145000,50,28,fe4a02e3
1241155000,50,29,00ed0008
1241165000,50,30,ff31ff1e
1241175000,50,31,001b004f
1243055000,51,0,fffdffda
1243065000,51,1,008cffa6
1243075000,51,2,fed0ff37
1243085000,51,3,01fe0225
1243095000,51,4,fd54ffdb
1243105000,51,5,0238fdf6
1243115000,51,6,fcc501a9
1243125000,51,7,0539febf
1243135000,51,8,fe650312
1243145000,51,9,fd48fdc2
1243155000,51,10,00e8fd85
1243165000,51,11,030201ed
1243175000,51,12,fc0e0245
1243185000,51,13,01ccfe0e
1243195000,51,14,0067ff97
1243205000,51,15,ff4700bb
1245085000,51,16,ffb3ffc8
1245095000,51,17,00bc0086
1245105000,51,18,00b900cc
1245115000,51,19,fd9cfe44
1245125000,51,20,01790040
1245135000,51,21,005f0115
1245145000,51,22,006a00be
1245155000,51,23,fd94fd5c
1245165000,51,24,ff6502c4
1245175000,51,25,0386fc28
1245185000,51,26,fe0b03ba
1245195000,51,27,0230fc74
1245205000,51,28,fdff0504
1245215000,51,29,000bfd35
1245225000,51,30,00e20114
1245235000,51,31,ffb4ff9c
1247115000,52,0,00320039
1247125000,52,1,0004ffb1
1247135000,52,2,ff78feef
1247145000,52,3,013b0348
1247155000,52,4,ff1afcec
1247165000,52,5,fffd00c2
1247175000,52,6,ff630102
1247185000,52,7,01aafc7e
1247195000,52,8,00f00631
1247205000,52,9,fc6afa29
1247215000,52,10,004a0139
1247225000,52,11,028f011e
1247235000,52,12,fe1c0212
1247245000,52,13,00d5fc90
1247255000,52,14,ffeb01fe
1247265000,52,15,ffe4ff60
1249145000,52,16,ffa80009
1249155000,52,17,ff08fff5
1249165000,52,18,03430062
1249175000,52,19,fc340019
1249185000,52,20,003fff76
1249195000,52,21,013a01c4
1249205000,52,22,fea0fbd5
1249215000,52,23,01230121
1249225000,52,24,00d00433
1249235000,52,25,fd5afbcd
1249245000,52,26,014500dc
1249255000,52,27,ff94fed9
1249265000,52,28,011502fa
1249275000,52,29,ff74ff5e
1249285000,52,30,feecff71
1249295000,52,31,01150029
1251175000,53,0,ffda006b
1251185000,53,1,0053fe6b
1251195000,53,2,ff98021b
1251205000,53,3,007dff1c
1251215000,53,4,ff67ff0c
1251225000,53,5,0128027c
1251235000,53,6,fe01fc44
1251245000,53,7,0172017f
1251255000,53,8,015a0165
1251265000,53,9,fb8d007b
1251275000,53,10,032afc67
1251285000,53,11,ffc30312
1251295000,53,12,fff9ff24
1251305000,53,13,ffc80142
1251315000,53,14,ffd1fe1a
1251325000,53,15,005600cf
1253205000,53,16,003bffdf
1253215000,53,17,ffa60087
1253225000,53,18,01cdff59
1253235000,53,19,fe920009
1253245000,53,20,ff920039
1253255000,53,21,ffc80396
1253265000,53,22,feedf9a7
1253275000,53,23,03780261
1253285000,53,24,faf1fed5
1253295000,53,25,0660024d
1253305000,53,26,fbddfd65
1253315000,53,27,ffe402bd
1253325000,53,28,00a2fdeb
1253335000,53,29,00860146
1253345000,53,30,0039000b
1253355000,53,31,fefeff91
1255235000,54,0,ffbfffac
1255245000,54,1,0045ffb2
1255255000,54,2,ffff0064
1255265000,54,3,ffe0ff3d
1255275000,54,4,011e0086
1255285000,54,5,fd1f020d
1255295000,54,6,020dfbc1
1255305000,54,7,01d901ac
1255315000,54,8,fd81008e
1255325000,54,9,fde70086
1255335000,54,10,028bfe5a
1255345000,54,11,00e00241
1255355000,54,12,fe0efe1c
1255365000,54,13,0151018b
1255375000,54,14,ff65fee5
1255385000,54,15,006300c6
1257265000,54,16,ffe40064
1257275000,54,17,ff02ffef
1257285000,54,18,01b4fff0
1257295000,54,19,fe27006f
1257305000,54,20,01befe8a
1257315000,54,21,fe4301de
1257325000,54,22,0082ff7c
1257335000,54,23,02feff88
1257345000,54,24,fbfa006c
1257355000,54,25,01100251
1257365000,54,26,ff32feee
1257375000,54,27,0025fc75
1257385000,54,28,01940316
1257395000,54,29,ff4f0066
1257405000,54,30,ffd8ffa6
1257415000,54,31,0062ff80
1259295000,55,0,0048003b
1259305000,55,1,0006ffdd
1259315000,55,2,ff9afece
1259325000,55,3,01ae027d
1259335000,55,4,fc7cfef1
1259345000,55,5,041ffea8
1259355000,55,6,fcd1ff47
1259365000,55,7,027a0274
1259375000,55,8,fd70fe9d
1259385000,55,9,fec601d9
1259395000,55,10,041cfd64
1259405000,55,11,fdc20111
1259415000,55,12,ff8402c7
1259425000,55,13,017dfc7a
1259435000,55,14,ff9101d7
1259445000,55,15,ffdeff46
1261325000,55,16,001affc7
1261335000,55,17,ffd400be
1261345000,55,18,00eeff2b
1261355000,55,19,fe8e00b3
1261365000,55,20,ffa0fe5d
1261375000,55,21,01cb026f
1261385000,55,22,ff45ff77
1261395000,55,23,fbd8feb3
1261405000,55,24,03fafec9
1261415000,55,25,fede032c
1261425000,55,26,00eefc43
1261435000,55,27,fe3803cf
1261445000,55,28,0018fd1f
1261455000,55,29,012b039f
1261465000,55,30,ff1bfd9f
1261475000,55,31,ffe200a3
1263355000,56,0,ffeefff9
1263365000,56,1,00110047
1263375000,56,2,ffd1fddd
1263385000,56,3,00ad03bd
1263395000,56,4,fe72fe00
1263405000,56,5,033f014c
1263415000,56,6,fb42fc6f
1263425000,56,7,04c00134
1263435000,56,8,fe260329
1263445000,56,9,fd81fe57
1263455000,56,10,02e9fe8d
1263465000,56,11,ff2dfed7
1263475000,56,12,ffde058e
1263485000,56,13,0017fb2e
1263495000,56,14,000801f7
1263505000,56,15,0016ffa0
1265385000,56,16,ffe40008
1265395000,56,17,feeeff75
1265405000,56,18,03410185
1265415000,56,19,fc92fff7
1265425000,56,20,ffb5fe9a
1265435000,56,21,00050495
1265445000,56,22,0090f960
1265455000,56,23,019d008d
1265465000,56,24,fe8c033a
1265475000,56,25,fe7aff33
1265485000,56,26,0185febd
1265495000,56,27,00a2ff01
1265505000,56,28,ffeb03e4
1265515000,56,29,ffbffd7f
1265525000,56,30,ff520096
1265535000,56,31,009bfff7
1267415000,57,0,004a001f
1267425000,57,1,ff09ff1b
1267435000,57,2,01e00008
1267445000,57,3,fd87006a
1267455000,57,4,0267008a
1267465000,57,5,fd6400bf
1267475000,57,6,0166fc59
1267485000,57,7,00dd0262
1267495000,57,8,ffd20163
1267505000,57,9,fcfbff19
1267515000,57,10,03a6fe18
1267525000,57,11,fe3100e2
1267535000,57,12,ffc9029c
1267545000,57,13,01b0fd45
1267555000,57,14,fe9800c7
1267565000,57,15,00830032
1269445000,57,16,fff2ffef
1269455000,57,17,ffa40060
1269465000,57,18,001b0043
1269475000,57,19,00f70002
1269485000,57,20,ffd401ba
1269495000,57,21,fab5fe4a
1269505000,57,22,03f8feb2
1269515000,57,23,00dd0174
1269525000,57,24,feb2ff25
1269535000,57,25,00c4027c
1269545000,57,26,fe3ffc07
1269555000,57,27,0101020a
1269565000,57,28,0020017e
1269575000,57,29,00c7fe4e
1269585000,57,30,fef600f0
1269595000,57,31,0037ff74
1271475000,58,0,001effa1
1271485000,58,1,ff6d000a
1271495000,58,2,fff1ff24
1271505000,58,3,00ce0103
1271515000,58,4,ffc0019a
1271525000,58,5,0026fe9a
1271535000,58,6,ff32fb41
1271545000,58,7,028e06e9
1271555000,58,8,fcf2fc57
1271565000,58,9,ffb501c2
1271575000,58,10,022bfd70
1271585000,58,11,fe6a0231
1271595000,58,12,00d8ffd2
1271605000,58,13,ffb80072
1271615000,58,14,ff9afe97
1271625000,58,15,00aa013b
1273505000,58,16,ffed000a
1273515000,58,17,ffedff7e
1273525000,58,18,004a01ab
1273535000,58,19,ff7fff0e
1273545000,58,20,016d002a
1273555000,58,21,f9d4010c
1273565000,58,22,07aafd0f
1273575000,58,23,fd12014a
1273585000,58,24,00bbffa0
1273595000,58,25,fdcf0132
1273605000,58,26,feb6ffbb
1273615000,58,27,054ffe10
1273625000,58,28,fcdf01fc
1273635000,58,29,0104fffc
1273645000,58,30,ff22ffeb
1273655000,58,31,002cfff0
1275535000,59,0,001b001a
1275545000,59,1,0134ff84
1275555000,59,2,fe4cffd2
1275565000,59,3,0002016b
1275575000,59,4,0172fdf7
1275585000,59,5,00b801e2
1275595000,59,6,fcb5ff7b
1275605000,59,7,0234fe19
1275615000,59,8,fef90194
1275625000,59,9,016400c6
1275635000,59,10,ffb20000
1275645000,59,11,fe96fe3d
1275655000,59,12,009a0043
1275665000,59,13,00d40180
1275675000,59,14,ff8dff63
1275685000,59,15,ffb0fffb
1277565000,59,16,ffbcffac
1277575000,59,17,ff460028
1277585000,59,18,018f010c
1277595000,59,19,fe4cfe4b
1277605000,59,20,fffa02e9
1277615000,59,21,ffd5fdde
1277625000,59,22,0065fe63
1277635000,59,23,000b02f2
1277645000,59,24,0062fdc2
1277655000,59,25,fd2603a8
1277665000,59,26,0035faf4
1277675000,59,27,036a0399
1277685000,59,28,fdb00011
1277695000,59,29,00fbfe42
1277705000,59,30,fe4f0165
1277715000,59,31,0103ffaa
1279595000,60,0,008a004b
1279605000,60,1,ff7cffba
1279615000,60,2,fedbffbf
1279625000,60,3,02b80008
1279635000,60,4,fe430207
1279645000,60,5,0139fdfd
1279655000,60,6,ff06fe77
1279665000,60,7,ff02013a
1279675000,60,8,013002d7
1279685000,60,9,00a2fa9e
1279695000,60,10,ffa1050f
1279705000,60,11,fd00fcf6
1279715000,60,12,0313014f
1279725000,60,13,0029ffa7
1279735000,60,14,fee600bb
1279745000,60,15,004eff54
1281625000,60,16,fff0fff7
1281635000,60,17,ff6c0013
1281645000,60,18,02a7ff51
1281655000,60,19,fd460188
1281665000,60,20,004bff26
1281675000,60,21,00b604a1
1281685000,60,22,fd26f7b9
1281695000,60,23,03e10465
1281705000,60,24,fd2afee5
1281715000,60,25,fefe001b
1281725000,60,26,0209fea3
1281735000,60,27,ff0e0234
1281745000,60,28,0167ff6a
1281755000,60,29,fe58ffdd
1281765000,60,30,00f6004f
1281775000,60,31,ff8b000b
1283655000,61,0,ffd0ffca
1283665000,61,1,000800b8
1283675000,61,2,ff0aff01
1283685000,61,3,028bffde
1283695000,61,4,fd8c0228
1283705000,61,5,ffb9ff48
1283715000,61,6,0164fca1
1283725000,61,7,00cc037a
1283735000,61,8,ffb0ffc4
1283745000,61,9,fc28fdea
1283755000,61,10,0316037f
1283765000,61,11,00a1fc9c
1283775000,61,12,00100286
1283785000,61,13,fe9bfe66
1283795000,61,14,00a000eb
1283805000,61,15,0044ff74
1285685000,61,16,fff6ffc1
1285695000,61,17,ff230058
1285705000,61,18,02b5007b
1285715000,61,19,fd06fe72
1285725000,61,20,01f6011c
1285735000,61,21,fdc1026c
1285745000,61,22,0120fa7a
1285755000,61,23,007b045a
1285765000,61,24,00eafdd7
1285775000,61,25,fcb102ae
1285785000,61,26,021bfced
1285795000,61,27,fe8cfff0
1285805000,61,28,03fa02c0
1285815000,61,29,fcafff26
1285825000,61,30,0100ffe2
1285835000,61,31,003f0044
1287715000,62,0,fff4ffe0
1287725000,62,1,0067ffca
1287735000,62,2,ff74003a
1287745000,62,3,feef00cc
1287755000,62,4,03b9fe4a
1287765000,62,5,fba302e4
1287775000,62,6,0304fb52
1287785000,62,7,fd930292
1287795000,62,8,038c01c0
1287805000,62,9,fc2dfe36
1287815000,62,10,0064fe24
1287825000,62,11,02290332
1287835000,62,12,fee3fe56
1287845000,62,13,ffc10180
1287855000,62,14,0030fea0
1287865000,62,15,0035007c
1289745000,62,16,005eff5f
1289755000,62,17,fee800b1
1289765000,62,18,023900f0
1289775000,62,19,fcd0fdd9
1289785000,62,20,013000a5
1289795000,62,21,ffa10032
1289805000,62,22,ff650149
1289815000,62,23,01b1fe0c
1289825000,62,24,fdceffc5
1289835000,62,25,00800039
1289845000,62,26,00a10076
1289855000,62,27,ffaaffef
1289865000,62,28,ff0400ff
1289875000,62,29,011fff04
1289885000,62,30,00310001
1289895000,62,31,ff9d0094
1291775000,63,0,ff5cffff
1291785000,63,1,00adff00
1291795000,63,2,003001c7
1291805000,63,3,fe85fe80
1291815000,63,4,02340003
1291825000,63,5,ff280263
1291835000,63,6,fda6fb46
1291845000,63,7,03c003ae
1291855000,63,8,ffe6fd29
1291865000,63,9,fb4103fa
1291875000,63,10,02b6fc75
1291885000,63,11,0111012c
1291895000,63,12,ff020055
1291905000,63,13,004a0087
1291915000,63,14,fef4ff5e
1291925000,63,15,01520062
1293805000,63,16,ffe3ff95
1293815000,63,17,ffe300c2
1293825000,63,18,ffc9ffce
1293835000,63,19,ffb0fed6
1293845000,63,20,022a0084
1293855000,63,21,fc3f0040
1293865000,63,22,030500f0
1293875000,63,23,0071fd0a
1293885000,63,24,fbc7037d
1293895000,63,25,0489ff40
1293905000,63,26,fdf10228
1293915000,63,27,ff40fbd6
1293925000,63,28,ffe0035e
1293935000,63,29,0001fd86
1293945000,63,30,018d0156
1293955000,63,31,ff13ffe2
